season,checkpoint,team_id,team_name,league,division,dc_team_war,steamer_team_war,zips_team_war,pos_war,sp_war,rp_war,bp_high_lev_war,rotation_depth_war,catcher_framing_runs,def_blend_runs,schedule_strength,division_strength,park_factor,injury_war_lost,age_risk,baseruns_win_pct,prev_win_pct,checkpoint_wins_above_pace,actual_wins,overall_rank,league_rank,division_rank,made_playoffs,won_division,league_champion,world_series_champion
2010,opening_day,ARI,ARI Baseball Club,NL,NL West,36.4434,36.8321,40.2071,20.3625,13.0269,7.2418,2.7725,8.4393,5.6953,1.1957,-0.6625,-1.6530,100.0000,2.8904,0.9711,0.5546,0.5281,0.0000,110.0000,1,1,1,1,1,1,1
2010,opening_day,ATL,ATL Baseball Club,NL,NL East,23.9216,27.4413,25.0136,15.3522,5.8203,5.0582,1.8782,3.8537,-3.3079,-6.7324,2.2204,1.9860,105.4833,1.2081,1.3987,0.5005,0.5023,0.0000,74.2000,17,10,3,0,0,0,0
2010,opening_day,BAL,BAL Baseball Club,AL,AL East,22.9081,18.9584,23.6550,7.6659,5.7714,2.0175,1.6225,5.8023,-2.4065,9.3361,2.3250,1.6838,106.8169,6.9507,1.3325,0.4602,0.4691,0.0000,50.0000,23,12,5,0,0,0,0
2010,opening_day,BOS,BOS Baseball Club,AL,AL East,37.5005,34.5162,32.2381,20.8249,10.5648,6.8395,2.7295,7.6682,-17.3814,-17.0542,-0.7199,-0.8805,102.9917,3.7810,1.1461,0.5292,0.4729,0.0000,106.3000,6,3,2,1,0,0,0
2010,opening_day,CHC,CHC Baseball Club,NL,NL Central,34.3257,30.8700,34.7633,17.8939,12.8908,5.8690,2.7315,8.4195,-2.9063,-15.5777,0.0384,-0.9481,96.9024,1.6372,1.1923,0.5075,0.5199,0.0000,95.1000,11,7,3,0,0,0,0
2010,opening_day,CHW,CHW Baseball Club,AL,AL Central,25.0466,25.5931,25.3852,12.1055,9.1790,5.9356,2.4860,6.0468,-6.2219,-15.2265,-0.9177,-0.6339,93.1573,1.5651,1.0022,0.5252,0.5064,0.0000,88.0000,13,6,3,1,0,0,0
2010,opening_day,CIN,CIN Baseball Club,NL,NL Central,34.5774,35.6247,37.6498,22.3841,10.6973,6.8794,2.2183,7.2723,-5.7165,22.3133,-0.9179,-1.6535,94.5906,3.3954,1.7231,0.5288,0.4980,0.0000,100.4000,8,5,1,1,1,0,0
2010,opening_day,CLE,CLE Baseball Club,AL,AL Central,38.9432,39.5211,37.1111,21.2302,13.4974,5.6226,2.0730,11.0866,-1.8957,-23.5868,-0.1635,-0.5782,100.1177,2.0196,1.7319,0.5415,0.5211,0.0000,110.0000,2,1,1,1,1,1,0
2010,opening_day,COL,COL Baseball Club,NL,NL West,30.0025,28.1418,32.1155,15.8983,9.2959,5.6429,2.5926,7.7218,-1.8318,-18.9368,0.9206,-0.1813,105.5557,3.2140,1.4044,0.5038,0.5090,0.0000,83.1000,14,8,3,0,0,0,0
2010,opening_day,DET,DET Baseball Club,AL,AL Central,22.0379,19.5543,17.0028,7.4682,5.0759,2.2867,0.7968,4.8386,0.5970,-8.2071,-0.1905,1.4803,106.7892,1.8302,1.6748,0.4898,0.3995,0.0000,53.1000,22,11,5,0,0,0,0
2010,opening_day,HOU,HOU Baseball Club,AL,AL West,26.2666,26.0266,23.4070,15.7502,7.6415,5.4014,1.6981,4.9086,-2.1363,-3.8523,2.5121,4.2650,102.8848,1.9609,0.6657,0.4916,0.4934,0.0000,62.4000,20,9,2,0,0,0,0
2010,opening_day,KC,KC Baseball Club,AL,AL Central,33.4415,34.2422,33.6984,18.2381,12.4975,5.5230,2.0286,8.5079,9.0505,-4.8738,0.3810,0.3267,96.7972,3.9680,0.6707,0.4991,0.5152,0.0000,92.0000,12,5,2,1,0,0,0
2010,opening_day,LAA,LAA Baseball Club,AL,AL West,17.8265,19.1854,23.4375,10.6695,5.2717,2.8792,0.6921,3.5435,0.8834,5.1889,-1.1808,0.0505,93.1334,3.7427,0.2001,0.4528,0.4596,0.0000,50.0000,24,13,3,0,0,0,0
2010,opening_day,LAD,LAD Baseball Club,NL,NL West,17.4627,13.6338,17.5287,9.0370,4.8480,3.4649,1.8278,1.9020,-0.8575,4.7329,-0.3828,-0.9236,94.6661,1.7722,2.0104,0.4326,0.4422,0.0000,50.0000,25,12,4,0,0,0,0
2010,opening_day,MIA,MIA Baseball Club,NL,NL East,33.3832,33.6568,35.7438,16.5529,9.6135,6.1592,2.0665,7.9534,3.0264,-0.4519,0.5513,1.8882,100.2354,2.3354,0.2896,0.4874,0.5044,0.0000,70.1000,19,11,4,0,0,0,0
2010,opening_day,MIL,MIL Baseball Club,NL,NL Central,40.1312,37.7922,37.6937,21.4616,11.3734,7.0659,2.6551,7.1337,-10.4475,-13.5168,1.8135,0.6838,105.6265,2.3032,0.5303,0.5112,0.4602,0.0000,97.3000,9,6,2,1,0,0,0
2010,opening_day,MIN,MIN Baseball Club,AL,AL Central,28.9563,28.2341,26.1677,16.3418,12.5149,6.7308,2.9077,9.2505,3.8880,-11.5328,3.0689,2.7724,106.7596,4.0048,1.0305,0.4906,0.4816,0.0000,60.6000,21,10,4,0,0,0,0
2010,opening_day,NYM,NYM Baseball Club,NL,NL East,39.7528,39.6413,37.9434,17.1196,11.4862,5.1977,2.3271,8.0390,-9.1049,4.7759,-0.0568,-1.2348,102.7772,2.7944,1.0649,0.5267,0.5355,0.0000,106.3000,7,4,2,1,0,0,0
2010,opening_day,NYY,NYY Baseball Club,AL,AL East,48.0599,48.1485,47.2792,23.1337,14.8002,6.7215,2.9815,10.4933,0.6849,0.8287,1.6382,3.2010,96.6930,5.7520,1.1457,0.5581,0.5294,0.0000,110.0000,3,2,1,1,1,0,0
2010,opening_day,OAK,OAK Baseball Club,AL,AL West,34.4439,33.8941,31.7466,15.3338,10.2473,4.6370,2.3648,6.3527,-3.4864,6.5401,1.5376,0.4181,93.1115,0.7652,1.7700,0.4945,0.4832,0.0000,81.8000,15,7,1,0,1,0,0
2010,opening_day,PHI,PHI Baseball Club,NL,NL East,26.4103,24.6605,27.4589,12.4398,7.6594,5.4237,2.8225,5.1492,-5.2237,1.3529,-0.6934,-1.6334,94.7431,4.0890,1.3262,0.4704,0.5102,0.0000,50.0000,26,13,5,0,0,0,0
2010,opening_day,PIT,PIT Baseball Club,NL,NL Central,24.0453,22.1388,26.2006,14.2397,8.0489,4.1506,1.6946,5.8043,-0.4764,8.7153,0.2139,-0.9752,100.3530,4.3376,0.9713,0.4440,0.4643,0.0000,50.0000,27,14,5,0,0,0,0
2010,opening_day,SD,SD Baseball Club,NL,NL West,39.0599,43.2946,35.8371,19.7812,14.4659,6.3856,2.3818,10.4168,-2.8894,16.4202,-1.6016,-2.3506,105.6957,0.0512,0.9055,0.5296,0.4892,0.0000,107.5000,5,3,2,1,0,0,0
2010,opening_day,SEA,SEA Baseball Club,AL,AL West,19.8212,12.8637,14.6594,10.6000,7.2848,3.8249,1.2418,5.0548,-5.3179,2.1604,-2.4459,-4.2145,106.7281,3.8413,0.9512,0.4033,0.4350,0.0000,50.0000,28,14,4,0,0,0,0
2010,opening_day,SF,SF Baseball Club,NL,NL West,22.2818,22.0448,13.1393,9.9701,6.1383,3.3763,1.6391,5.0005,-6.9644,-1.4182,-1.8078,-2.1382,102.6688,1.1312,1.0047,0.4726,0.4720,0.0000,50.0000,29,15,5,0,0,0,0
2010,opening_day,STL,STL Baseball Club,NL,NL Central,39.1388,37.9901,32.1288,16.6228,11.5837,6.5101,3.2385,7.4984,-3.7140,17.0977,2.0380,2.7990,96.5898,0.7193,0.7872,0.4964,0.5209,0.0000,77.6000,16,9,4,0,0,0,0
2010,opening_day,TB,TB Baseball Club,AL,AL East,39.7018,37.2535,40.3212,20.4062,10.6555,6.0112,2.0906,6.3783,-6.9321,11.8033,2.5184,3.4822,93.0916,3.0323,1.3961,0.5211,0.5345,0.0000,95.3000,10,4,3,1,0,0,0
2010,opening_day,TEX,TEX Baseball Club,AL,AL West,22.9055,19.8315,21.6520,10.8641,7.7422,4.3687,1.5738,6.9866,-3.7098,-7.4072,1.5200,2.2894,94.8215,4.3033,0.3596,0.4243,0.4417,0.0000,50.0000,30,15,5,0,0,0,0
2010,opening_day,TOR,TOR Baseball Club,AL,AL East,25.8439,32.2877,30.7625,14.4095,10.1180,5.2011,2.0674,6.7099,-9.9400,3.4164,0.2113,1.7501,100.4705,0.8740,0.2628,0.4878,0.5052,0.0000,71.7000,18,8,4,0,0,0,0
2010,opening_day,WSH,WSH Baseball Club,NL,NL East,32.7754,31.8938,36.0189,19.5017,12.8265,6.9489,2.4035,8.5811,-10.0815,0.5205,1.0057,-1.4287,105.7633,1.4426,0.1554,0.5590,0.5158,0.0000,110.0000,4,2,1,1,1,0,0
2011,opening_day,ARI,ARI Baseball Club,NL,NL West,34.4603,32.6305,36.4889,19.5905,11.2423,5.7605,2.6995,8.6248,-7.3154,-3.6013,-0.7623,-0.2263,100.0000,1.5647,1.3777,0.5241,0.5252,0.0000,103.1000,6,5,2,1,0,0,0
2011,opening_day,ATL,ATL Baseball Club,NL,NL East,25.6121,28.9957,26.4736,13.2447,7.3144,2.0334,1.0077,4.3806,5.3571,-12.3677,-1.7380,-0.5785,105.4833,3.4525,2.2363,0.5379,0.4749,0.0000,106.7000,4,3,2,1,0,0,0
2011,opening_day,BAL,BAL Baseball Club,AL,AL East,16.0147,15.1292,21.1241,11.9530,7.8459,3.5345,1.0446,6.9247,-14.0636,-3.9507,-0.7947,-0.9974,106.8169,2.6007,2.0884,0.4620,0.4546,0.0000,50.0000,26,12,5,0,0,0,0
2011,opening_day,BOS,BOS Baseball Club,AL,AL East,31.7878,28.3676,28.0196,11.9185,6.7533,3.5947,1.6342,5.2344,-5.8331,5.4777,-2.6854,-3.8538,102.9917,3.2001,1.5769,0.4906,0.4660,0.0000,67.9000,20,7,3,0,0,0,0
2011,opening_day,CHC,CHC Baseball Club,NL,NL Central,29.8281,30.9659,22.9823,15.7937,10.5565,5.9435,2.6391,8.1943,11.1700,7.0812,0.2735,0.8001,96.9024,3.9751,1.3730,0.4920,0.4488,0.0000,72.6000,18,12,4,0,0,0,0
2011,opening_day,CHW,CHW Baseball Club,AL,AL Central,25.1644,26.3362,25.3845,13.1589,7.1976,3.6950,1.4011,5.4670,10.2646,23.8172,-0.7495,-1.3798,93.1573,2.5765,0.6773,0.4796,0.4724,0.0000,58.2000,23,10,4,0,0,0,0
2011,opening_day,CIN,CIN Baseball Club,NL,NL Central,31.9905,26.3165,30.1497,16.7343,6.8591,6.0920,2.8745,3.9151,-3.4990,-5.8842,-4.9234,-3.5541,94.5906,3.7389,1.0632,0.4438,0.4659,0.0000,50.0000,27,15,5,0,0,0,0
2011,opening_day,CLE,CLE Baseball Club,AL,AL Central,35.2616,37.8079,39.2182,22.2559,12.2842,7.3079,3.5311,9.4970,-3.5222,-29.6889,-1.3984,-2.4911,100.1177,3.5481,1.2059,0.5052,0.5221,0.0000,89.9000,11,4,2,1,0,0,0
2011,opening_day,COL,COL Baseball Club,NL,NL West,38.8689,38.8426,31.4942,21.3947,13.2065,6.1152,3.3396,9.8628,-7.8526,-7.9052,-0.0456,-0.9778,105.5557,5.0109,1.6503,0.4920,0.5202,0.0000,77.6000,17,11,4,0,0,0,0
2011,opening_day,DET,DET Baseball Club,AL,AL Central,28.3147,25.2372,20.1178,13.1332,7.6963,3.8301,1.4667,3.9538,-7.0260,-16.2263,0.1782,0.2588,106.7892,4.3150,1.1812,0.4857,0.4097,0.0000,56.9000,24,11,5,0,0,0,0
2011,opening_day,HOU,HOU Baseball Club,AL,AL West,31.8673,36.1403,31.1279,14.5184,10.2014,4.1757,1.8990,8.7956,6.3927,-3.1023,0.3888,-0.0339,102.8848,0.6996,0.6751,0.4999,0.5003,0.0000,83.4000,14,6,1,1,1,0,0
2011,opening_day,KC,KC Baseball Club,AL,AL Central,34.2036,32.0766,35.6874,17.9136,7.9081,5.5977,2.2395,5.8274,-0.6346,9.3927,-2.1142,-1.1563,96.7972,2.5544,1.1365,0.5142,0.4797,0.0000,102.4000,7,2,1,1,1,0,0
2011,opening_day,LAA,LAA Baseball Club,AL,AL West,19.8311,18.3167,20.8072,6.6820,3.8312,2.6789,0.9387,2.1301,-9.8137,11.1077,0.5659,1.2441,93.1334,0.1670,1.8318,0.4533,0.4849,0.0000,50.0000,28,13,3,0,0,0,0
2011,opening_day,LAD,LAD Baseball Club,NL,NL West,21.2860,19.4681,25.2093,8.7366,6.6010,2.2658,0.6892,4.9031,-3.1691,-5.2193,-1.1075,-1.3926,94.6661,2.2305,0.0000,0.4798,0.4997,0.0000,53.2000,25,14,5,0,0,0,0
2011,opening_day,MIA,MIA Baseball Club,NL,NL East,39.0825,38.8890,41.1888,21.1047,13.2617,6.4692,3.4439,10.1915,7.1529,20.3651,0.4289,-0.0801,100.2354,2.0137,1.6486,0.5541,0.4951,0.0000,110.0000,1,1,1,1,1,1,1
2011,opening_day,MIL,MIL Baseball Club,NL,NL Central,36.3204,34.4497,38.9765,18.4630,13.7401,5.9938,2.5247,9.3854,5.8988,-8.1380,1.9299,1.7738,105.6265,1.6611,1.5289,0.5047,0.5037,0.0000,89.5000,12,8,2,0,0,0,0
2011,opening_day,MIN,MIN Baseball Club,AL,AL Central,36.0111,26.8864,31.0068,16.3680,6.8995,4.7148,1.8753,4.8769,3.5208,8.4890,-4.2259,-4.4945,106.7596,3.6883,1.6585,0.5065,0.4955,0.0000,86.1000,13,5,3,1,0,0,0
2011,opening_day,NYM,NYM Baseball Club,NL,NL East,38.6885,34.7541,34.0460,22.2082,12.0243,6.7321,3.0290,8.0123,-4.3321,-7.3630,0.1094,0.9710,102.7772,3.4570,1.0587,0.5017,0.4984,0.0000,93.9000,9,7,4,0,0,0,0
2011,opening_day,NYY,NYY Baseball Club,AL,AL East,44.2088,44.6182,43.2764,23.1768,16.5243,7.0775,3.0576,12.3120,-10.0253,-14.4828,4.5158,4.0179,96.6930,0.4857,0.8141,0.5490,0.5759,0.0000,110.0000,2,1,1,1,1,1,0
2011,opening_day,OAK,OAK Baseball Club,AL,AL West,33.6476,36.9918,34.3831,18.3377,10.1733,4.5827,2.5321,6.7181,7.3939,-5.5494,1.4838,0.9660,93.1115,3.2893,1.4824,0.4823,0.5672,0.0000,59.4000,22,9,2,0,0,0,0
2011,opening_day,PHI,PHI Baseball Club,NL,NL East,21.5312,26.5788,26.5617,11.7376,6.9678,4.1556,1.5308,4.6119,5.1116,6.9313,-2.6660,-1.0889,94.7431,2.5342,1.6139,0.4998,0.4996,0.0000,69.5000,19,13,5,0,0,0,0
2011,opening_day,PIT,PIT Baseball Club,NL,NL Central,22.7846,22.3975,28.0875,15.3076,8.7853,3.8354,1.9284,6.0954,10.2507,-4.5176,1.9103,2.6770,100.3530,1.1644,1.5822,0.5202,0.5095,0.0000,97.5000,8,6,1,1,1,0,0
2011,opening_day,SD,SD Baseball Club,NL,NL West,32.4868,34.8560,31.3560,19.5187,10.9041,7.6599,3.5113,8.3269,3.0150,15.6587,-2.5508,-2.1271,105.6957,1.6725,1.5813,0.5515,0.5242,0.0000,110.0000,3,2,1,1,1,0,0
2011,opening_day,SEA,SEA Baseball Club,AL,AL West,16.4716,15.3214,12.8267,4.6008,2.9442,2.5658,0.6581,2.3017,-4.8275,-11.5454,-2.8304,-2.1594,106.7281,4.2354,0.7253,0.4276,0.4703,0.0000,50.0000,29,14,4,0,0,0,0
2011,opening_day,SF,SF Baseball Club,NL,NL West,23.6942,22.8061,20.3742,9.6023,6.7047,2.9135,1.1345,5.3024,5.5176,-9.8394,1.1585,0.0167,102.6688,2.7269,1.1980,0.5026,0.4645,0.0000,80.1000,15,9,3,0,0,0,0
2011,opening_day,STL,STL Baseball Club,NL,NL Central,34.3316,31.5413,38.3296,17.7017,8.9352,5.3183,2.1967,6.6391,-3.6040,2.6131,2.5751,3.4156,96.5898,2.9931,1.7767,0.5024,0.5146,0.0000,78.0000,16,10,3,0,0,0,0
2011,opening_day,TB,TB Baseball Club,AL,AL East,39.9046,35.7210,35.4429,18.1863,8.8283,7.6596,3.4360,5.9056,-0.5876,4.5662,0.3253,0.2324,93.0916,0.0000,0.2464,0.5097,0.4893,0.0000,90.9000,10,3,2,1,0,0,0
2011,opening_day,TEX,TEX Baseball Club,AL,AL West,19.7426,20.6769,18.1482,9.1372,4.1580,3.7660,1.3495,1.1886,-2.8676,20.6001,-0.8261,-0.0546,94.8215,1.3114,0.7019,0.4336,0.4933,0.0000,50.0000,30,15,5,0,0,0,0
2011,opening_day,TOR,TOR Baseball Club,AL,AL East,29.5631,28.9503,28.6551,15.5717,9.2006,4.9921,2.1432,8.0479,11.1101,-8.6785,-5.4972,-6.3137,100.4705,5.0137,1.5382,0.4858,0.4773,0.0000,63.0000,21,8,4,0,0,0,0
2011,opening_day,WSH,WSH Baseball Club,NL,NL East,41.9276,39.8322,36.0851,24.8804,11.6056,7.4943,2.7139,8.5062,2.4645,22.3278,-3.5343,-2.6931,105.7633,4.2342,0.9263,0.5220,0.5125,0.0000,105.3000,5,4,3,1,0,0,0
2012,opening_day,ARI,ARI Baseball Club,NL,NL West,40.8337,39.7764,39.6172,19.5467,10.8996,9.3791,3.6300,7.8884,9.0231,-18.3931,3.7356,4.4408,100.0000,2.6369,0.8813,0.5312,0.5278,0.0000,110.0000,1,1,1,1,1,1,1
2012,opening_day,ATL,ATL Baseball Club,NL,NL East,26.6152,18.3466,24.1602,6.4746,6.7315,2.5006,0.5756,3.8761,-2.1048,9.3866,0.6390,1.0550,105.4833,1.0613,1.3264,0.4757,0.4214,0.0000,50.0000,27,14,4,0,0,0,0
2012,opening_day,BAL,BAL Baseball Club,AL,AL East,27.8490,22.8186,21.0477,14.3420,7.9992,3.8181,1.7276,6.4680,-0.7107,-7.1463,-0.4793,1.1043,106.8169,1.1576,1.1803,0.4878,0.4965,0.0000,58.6000,24,12,5,0,0,0,0
2012,opening_day,BOS,BOS Baseball Club,AL,AL East,35.3529,30.6575,31.3256,14.2418,9.8570,5.5603,2.3848,6.9023,3.8144,25.8131,1.7963,1.8078,102.9917,3.5582,1.7224,0.4900,0.5093,0.0000,72.8000,19,9,4,0,0,0,0
2012,opening_day,CHC,CHC Baseball Club,NL,NL Central,30.4461,29.1343,28.7168,15.8001,9.0483,5.0122,2.0249,6.4240,5.1889,-1.3572,-3.1466,-3.7413,96.9024,3.6932,1.4267,0.5169,0.4645,0.0000,89.0000,10,6,3,1,0,0,0
2012,opening_day,CHW,CHW Baseball Club,AL,AL Central,19.8218,18.7429,18.0054,12.0182,6.0993,5.3295,2.1341,5.1393,3.8731,23.2346,-1.0093,-1.2759,93.1573,3.6165,1.4152,0.5076,0.4337,0.0000,77.9000,15,7,3,0,0,0,0
2012,opening_day,CIN,CIN Baseball Club,NL,NL Central,33.9608,30.4831,27.1371,13.6987,8.2345,5.3289,2.2153,5.9545,5.4724,8.3447,1.3339,2.0344,94.5906,3.2643,0.9711,0.5020,0.5680,0.0000,74.3000,17,10,4,0,0,0,0
2012,opening_day,CLE,CLE Baseball Club,AL,AL Central,42.9218,42.4230,37.4648,19.3036,12.2961,7.3604,3.4020,9.8726,-5.7726,-24.9313,-1.9423,-2.3541,100.1177,1.7389,0.6393,0.5392,0.5357,0.0000,110.0000,2,1,1,1,1,1,0
2012,opening_day,COL,COL Baseball Club,NL,NL West,34.8632,29.8074,29.1744,18.2477,11.6797,6.3879,2.9383,9.6908,1.9651,-4.9769,-1.0496,-1.2044,105.5557,3.1678,1.1495,0.5003,0.5371,0.0000,78.9000,14,8,3,0,0,0,0
2012,opening_day,DET,DET Baseball Club,AL,AL Central,26.0446,25.8035,27.7347,15.8761,8.0565,5.0399,2.8155,7.1250,2.0941,-4.4199,1.4174,2.3226,106.7892,4.4816,1.8318,0.4971,0.4776,0.0000,54.8000,25,13,5,0,0,0,0
2012,opening_day,HOU,HOU Baseball Club,AL,AL West,34.4614,33.1532,34.4273,15.1730,10.4544,5.9773,2.6155,7.5213,-7.9406,11.3338,0.8502,-0.1471,102.8848,2.8207,1.4768,0.5029,0.5404,0.0000,82.4000,13,6,1,1,1,0,0
2012,opening_day,KC,KC Baseball Club,AL,AL Central,35.6302,39.0480,38.7741,20.2324,10.9389,7.5224,3.2196,8.6854,-4.0740,-1.3671,-1.9116,-1.1834,96.7972,2.1351,0.8790,0.5106,0.4787,0.0000,101.7000,9,4,2,1,0,0,0
2012,opening_day,LAA,LAA Baseball Club,AL,AL West,29.7071,24.5713,28.1544,13.6729,4.6066,4.7968,2.4237,4.6999,-2.8838,-1.6171,2.8118,1.0784,93.1334,4.3126,0.5290,0.4571,0.4898,0.0000,50.0000,28,14,4,0,0,0,0
2012,opening_day,LAD,LAD Baseball Club,NL,NL West,18.6320,18.8042,22.0304,10.9269,7.5511,3.4222,0.8778,4.8706,2.1111,20.7091,2.8519,2.7813,94.6661,3.2626,0.0321,0.5107,0.4296,0.0000,65.7000,20,11,4,0,0,0,0
2012,opening_day,MIA,MIA Baseball Club,NL,NL East,46.5967,41.0365,42.9924,20.0926,10.1071,7.3364,3.7137,9.0665,1.9941,-10.0533,1.2449,1.5904,100.2354,3.8052,0.5224,0.5482,0.4676,0.0000,110.0000,3,2,1,1,1,0,0
2012,opening_day,MIL,MIL Baseball Club,NL,NL Central,41.3281,43.7702,42.3341,25.3723,14.6838,8.8904,4.0052,11.8311,15.8579,2.8940,0.8086,2.5055,105.6265,3.9451,0.3213,0.5718,0.5215,0.0000,110.0000,4,3,1,1,1,0,0
2012,opening_day,MIN,MIN Baseball Club,AL,AL Central,31.4644,26.1763,25.0465,16.6679,6.7951,5.6325,2.7114,5.5620,-3.7536,-15.4126,2.7380,1.3281,106.7596,5.3061,1.1494,0.4947,0.5183,0.0000,73.3000,18,8,4,0,0,0,0
2012,opening_day,NYM,NYM Baseball Club,NL,NL East,28.2894,27.4832,27.7068,16.5738,12.1001,3.9782,1.1945,8.1392,-7.3867,25.4602,-1.1580,-0.4349,102.7772,4.4577,1.5821,0.4967,0.5165,0.0000,75.1000,16,9,3,0,0,0,0
2012,opening_day,NYY,NYY Baseball Club,AL,AL East,48.7095,41.0164,41.1923,23.3711,10.7889,8.0221,3.2694,7.5663,2.4061,14.2525,-2.0510,-2.4482,96.6930,1.6750,0.1587,0.5396,0.5618,0.0000,110.0000,5,2,1,1,1,0,0
2012,opening_day,OAK,OAK Baseball Club,AL,AL West,23.3848,25.0114,30.5030,14.2131,7.1932,4.9247,2.9181,5.0648,-3.5254,35.6321,-0.8658,-0.5453,93.1115,0.0000,0.6022,0.4717,0.5032,0.0000,61.1000,22,11,3,0,0,0,0
2012,opening_day,PHI,PHI Baseball Club,NL,NL East,27.5310,21.3143,25.3147,12.6762,8.4845,5.6016,2.0882,7.5387,-2.4944,-12.6172,1.2724,0.7508,94.7431,2.9310,0.6826,0.4707,0.5365,0.0000,50.0000,29,15,5,0,0,0,0
2012,opening_day,PIT,PIT Baseball Club,NL,NL Central,28.1270,28.6481,26.5595,15.0231,6.4448,4.8697,2.4701,5.5289,8.9796,-12.8420,1.5916,0.9433,100.3530,2.9165,1.8814,0.4870,0.4506,0.0000,60.7000,23,12,5,0,0,0,0
2012,opening_day,SD,SD Baseball Club,NL,NL West,33.2592,36.3418,32.0240,18.1468,8.5000,7.1154,3.0323,6.2350,-6.8524,20.7245,-2.1866,-1.2383,105.6957,5.3074,0.5014,0.5067,0.4579,0.0000,86.2000,11,7,2,0,0,0,0
2012,opening_day,SEA,SEA Baseball Club,AL,AL West,19.3648,19.9682,19.4918,10.8852,5.5862,3.5070,1.7865,3.7240,-7.5704,4.0417,-0.5935,-1.0976,106.7281,1.2148,0.9067,0.4383,0.4994,0.0000,50.0000,30,15,5,0,0,0,0
2012,opening_day,SF,SF Baseball Club,NL,NL West,19.7737,22.7440,20.6999,10.8096,6.7775,4.6625,1.8658,4.8195,2.0709,-1.7539,-0.1704,0.2891,102.6688,1.3258,0.7823,0.4694,0.4420,0.0000,50.6000,26,13,5,0,0,0,0
2012,opening_day,STL,STL Baseball Club,NL,NL Central,37.2178,40.2902,36.4219,20.0489,11.8915,7.6456,3.2328,9.7797,0.4160,0.3180,2.5267,2.1399,96.5898,2.9749,0.6506,0.5416,0.5181,0.0000,110.0000,6,4,2,1,0,0,0
2012,opening_day,TB,TB Baseball Club,AL,AL East,41.2001,39.2361,37.9017,20.6846,9.6300,7.6872,3.1948,6.4852,2.6103,-6.7659,2.2368,0.4233,93.0916,3.9993,0.2483,0.5476,0.5227,0.0000,110.0000,7,3,2,1,0,0,0
2012,opening_day,TEX,TEX Baseball Club,AL,AL West,29.7034,30.1803,29.6413,19.4174,9.0426,6.0815,2.4227,4.7894,5.0923,10.1136,0.8018,1.3854,94.8215,4.2593,0.5614,0.4824,0.5074,0.0000,62.3000,21,10,2,0,0,0,0
2012,opening_day,TOR,TOR Baseball Club,AL,AL East,32.7559,33.0499,33.8520,20.4170,11.0025,4.3833,2.7143,7.9674,9.5841,-0.6347,1.2283,2.6793,100.4705,2.1424,1.5020,0.5084,0.5324,0.0000,85.6000,12,5,3,1,0,0,0
2012,opening_day,WSH,WSH Baseball Club,NL,NL East,43.1585,44.3992,40.8359,20.3714,11.7717,6.9946,3.0033,9.8563,-1.3985,20.1709,-2.4757,-2.2491,105.7633,1.9134,0.9099,0.5269,0.5579,0.0000,104.9000,8,5,2,1,0,0,0
2013,opening_day,ARI,ARI Baseball Club,NL,NL West,37.7526,34.6672,37.9035,21.5034,10.5973,5.6761,2.6838,6.7907,-1.3553,-5.5035,-4.1354,-3.9079,100.0000,4.5877,0.7329,0.5120,0.5469,0.0000,87.0000,11,7,2,0,0,0,0
2013,opening_day,ATL,ATL Baseball Club,NL,NL East,25.6491,23.3954,26.0012,15.2131,7.2713,3.7469,1.5062,5.1744,-0.0041,-3.7645,0.5815,0.9776,105.4833,3.6594,0.8853,0.4902,0.5058,0.0000,61.0000,20,12,4,0,0,0,0
2013,opening_day,BAL,BAL Baseball Club,AL,AL East,14.8238,15.2978,21.0403,9.8498,3.9802,2.5549,0.7109,3.1014,8.4448,17.4050,1.5409,3.1072,106.8169,5.1712,1.3732,0.4379,0.4888,0.0000,50.0000,24,11,5,0,0,0,0
2013,opening_day,BOS,BOS Baseball Club,AL,AL East,29.0037,31.5960,27.3936,18.3385,9.7212,4.6452,1.6808,7.4198,4.1696,-3.3505,3.8072,3.1089,102.9917,3.2190,0.7018,0.4875,0.4290,0.0000,63.6000,18,8,4,0,0,0,0
2013,opening_day,CHC,CHC Baseball Club,NL,NL Central,31.0133,31.0231,33.3795,15.7918,11.4565,6.0773,3.1343,8.9088,0.1649,-4.4371,1.2887,1.5681,96.9024,2.5973,1.4309,0.5281,0.5270,0.0000,109.0000,5,4,2,1,0,0,0
2013,opening_day,CHW,CHW Baseball Club,AL,AL Central,27.1272,31.0462,27.0197,14.7666,8.4046,5.0954,1.7618,6.4431,-10.3688,-5.3337,-1.5267,-1.6332,93.1573,0.0000,1.2387,0.4966,0.4277,0.0000,53.0000,22,9,3,0,0,0,0
2013,opening_day,CIN,CIN Baseball Club,NL,NL Central,22.4212,23.8949,19.8185,13.0664,8.0048,2.3891,0.7641,5.6973,-0.8423,-10.4302,-2.4158,-2.7985,94.5906,0.9199,0.7180,0.4578,0.4605,0.0000,50.0000,25,14,5,0,0,0,0
2013,opening_day,CLE,CLE Baseball Club,AL,AL Central,37.0309,39.6542,32.9158,21.0513,11.3112,5.6949,2.4200,8.5003,-0.6972,-11.9785,1.9274,2.0328,100.1177,2.6849,0.3895,0.4938,0.5080,0.0000,73.0000,16,6,2,1,0,0,0
2013,opening_day,COL,COL Baseball Club,NL,NL West,33.5273,33.4289,33.7702,16.5176,12.0661,5.6024,2.5045,8.9598,-1.9888,0.4120,1.3075,0.6630,105.5557,1.3359,0.8308,0.5428,0.4691,0.0000,110.0000,1,1,1,1,1,1,1
2013,opening_day,DET,DET Baseball Club,AL,AL Central,19.2562,22.1135,16.7846,11.2831,6.2670,5.4929,1.8834,5.0250,-3.1404,-0.6828,2.3031,2.4837,106.7892,2.9682,1.8726,0.4571,0.4468,0.0000,50.0000,26,12,4,0,0,0,0
2013,opening_day,HOU,HOU Baseball Club,AL,AL West,40.5151,37.3819,43.2035,22.5116,11.6435,7.7814,2.6074,9.3939,4.5795,11.9751,-0.1146,-1.4477,102.8848,5.0590,0.7415,0.5437,0.5752,0.0000,110.0000,2,1,1,1,1,1,0
2013,opening_day,KC,KC Baseball Club,AL,AL Central,38.7932,44.0136,40.4959,25.8276,12.1199,6.4938,2.5697,9.4656,1.5470,-1.5469,2.1893,2.0443,96.7972,2.2759,0.8403,0.5145,0.5114,0.0000,106.9000,6,2,1,1,1,0,0
2013,opening_day,LAA,LAA Baseball Club,AL,AL West,25.6612,31.4747,25.3697,13.3046,11.2085,5.9150,2.8935,8.6331,-2.3782,6.3671,0.7324,-0.9606,93.1334,0.9790,1.5145,0.4736,0.4877,0.0000,51.6000,23,10,3,0,0,0,0
2013,opening_day,LAD,LAD Baseball Club,NL,NL West,24.9060,26.6968,22.9810,13.5195,8.5591,4.7630,2.4261,6.1963,3.6193,-3.3545,-0.8997,-0.7183,94.6661,0.0694,0.0000,0.5112,0.4644,0.0000,83.1000,12,8,3,0,0,0,0
2013,opening_day,MIA,MIA Baseball Club,NL,NL East,34.0083,35.9687,37.2122,18.3470,12.0168,5.3379,2.5070,9.0432,0.6709,-10.5427,1.9860,1.4694,100.2354,2.3558,0.1343,0.5125,0.4741,0.0000,98.9000,8,5,2,1,0,0,0
2013,opening_day,MIL,MIL Baseball Club,NL,NL Central,41.5977,39.8323,39.4775,21.5488,14.4550,7.2885,2.7315,10.1874,7.7638,-11.6319,1.6629,2.5787,105.6265,1.0517,0.6041,0.4974,0.5695,0.0000,78.4000,14,9,3,0,0,0,0
2013,opening_day,MIN,MIN Baseball Club,AL,AL Central,25.5325,23.0079,22.6738,8.5738,6.7706,3.7459,1.6931,6.5914,-5.1638,-3.1820,-2.6310,-3.4388,106.7596,2.1152,0.8748,0.4538,0.4669,0.0000,50.0000,27,13,5,0,0,0,0
2013,opening_day,NYM,NYM Baseball Club,NL,NL East,30.0809,28.2240,37.6283,17.7081,10.2850,6.2084,2.4335,6.3167,-2.6698,9.7306,3.3754,5.1843,102.7772,2.0661,0.1420,0.5365,0.4755,0.0000,97.2000,9,6,3,1,0,0,0
2013,opening_day,NYY,NYY Baseball Club,AL,AL East,40.2609,40.9316,41.5888,22.7123,12.5107,5.9102,3.6387,10.9983,-1.2091,11.9648,1.8307,0.9514,96.6930,0.4270,1.1432,0.5053,0.4925,0.0000,89.3000,10,4,2,1,0,0,0
2013,opening_day,OAK,OAK Baseball Club,AL,AL West,30.0193,35.0855,33.8140,17.8610,10.8715,6.0210,2.3576,6.5512,0.3474,7.2225,3.0173,4.5773,93.1115,2.6229,0.0000,0.4959,0.5006,0.0000,68.0000,17,7,2,0,0,0,0
2013,opening_day,PHI,PHI Baseball Club,NL,NL East,20.4278,26.5257,21.7526,9.9682,8.2671,3.3198,1.2863,5.9639,-6.2043,15.2335,2.7941,2.1301,94.7431,4.7340,1.1756,0.4838,0.4681,0.0000,54.7000,21,13,5,0,0,0,0
2013,opening_day,PIT,PIT Baseball Club,NL,NL Central,27.2167,29.4899,29.8884,12.2251,10.0391,4.4927,1.4963,6.7324,-0.6523,-23.7894,-1.0555,-0.4367,100.3530,2.0779,0.0000,0.4859,0.5169,0.0000,63.1000,19,11,4,0,0,0,0
2013,opening_day,SD,SD Baseball Club,NL,NL West,24.0132,24.9975,26.1403,12.5917,8.7125,3.2461,1.7367,5.7054,0.4780,-19.4698,1.5133,1.2454,105.6957,0.0000,1.3667,0.4601,0.4461,0.0000,50.0000,28,15,5,0,0,0,0
2013,opening_day,SEA,SEA Baseball Club,AL,AL West,15.9216,17.3857,16.1743,9.3590,5.4659,3.2307,1.5409,4.1356,-4.3664,9.0274,-0.1418,-0.2540,106.7281,1.3228,1.4195,0.4513,0.4076,0.0000,50.0000,29,14,4,0,0,0,0
2013,opening_day,SF,SF Baseball Club,NL,NL West,29.9570,24.4938,29.1297,16.4746,10.5534,4.9255,2.5896,6.9310,-1.2749,-10.4564,-2.4604,-2.9709,102.6688,2.3376,1.1782,0.5088,0.4909,0.0000,74.3000,15,10,4,0,0,0,0
2013,opening_day,STL,STL Baseball Club,NL,NL Central,33.8958,34.7494,34.1773,12.7409,9.4540,5.2351,2.1265,5.2943,-1.7778,24.8538,-0.8110,0.5946,96.5898,0.3889,1.4136,0.5452,0.4850,0.0000,110.0000,3,2,1,1,1,0,0
2013,opening_day,TB,TB Baseball Club,AL,AL East,37.3499,35.6091,38.8650,18.0718,15.2747,7.1405,2.5221,11.1391,-5.0352,14.1856,-1.6788,-3.0722,93.0916,5.8867,1.5070,0.4996,0.5474,0.0000,79.5000,13,5,3,1,0,0,0
2013,opening_day,TEX,TEX Baseball Club,AL,AL West,21.3264,23.1102,23.6340,12.2396,7.1742,3.0821,0.5043,5.0130,1.0377,-9.2600,-1.6015,-0.7116,94.8215,2.9994,0.4262,0.4786,0.4529,0.0000,50.0000,30,15,5,0,0,0,0
2013,opening_day,TOR,TOR Baseball Club,AL,AL East,39.2559,38.5665,39.6183,18.4589,11.4229,5.6760,2.3412,9.4458,-3.2161,5.1342,0.6051,1.4043,100.4705,2.2232,1.0078,0.5195,0.5240,0.0000,102.5000,7,3,1,1,1,0,0
2013,opening_day,WSH,WSH Baseball Club,NL,NL East,45.9093,42.7417,45.4575,28.5987,11.2378,7.1562,2.8245,8.6442,0.6254,-9.0174,-1.4849,-1.2253,105.7633,0.1400,1.0896,0.5524,0.4997,0.0000,110.0000,4,3,1,1,1,0,0
2014,opening_day,ARI,ARI Baseball Club,NL,NL West,35.9722,37.5592,37.4648,17.6329,13.3991,5.8538,1.9589,9.2532,6.7896,13.0400,-2.3962,-2.2874,100.0000,2.6173,1.8681,0.5093,0.5192,0.0000,87.8000,17,10,3,0,0,0,0
2014,opening_day,ATL,ATL Baseball Club,NL,NL East,22.6502,28.0922,21.5695,14.1826,4.8634,3.1060,1.5040,3.7578,-0.8134,-4.4953,2.5813,2.5677,105.4833,4.3696,2.1722,0.4763,0.4028,0.0000,51.0000,22,11,4,0,0,0,0
2014,opening_day,BAL,BAL Baseball Club,AL,AL East,18.6683,22.8233,16.9498,9.7819,7.1247,3.8161,1.4466,5.2602,-5.3749,13.5311,3.0870,5.0627,106.8169,3.6032,0.4508,0.4612,0.4784,0.0000,50.0000,23,12,5,0,0,0,0
2014,opening_day,BOS,BOS Baseball Club,AL,AL East,24.4858,22.3754,20.8081,10.6311,8.2934,4.1420,2.0392,5.2501,-3.6292,12.8197,-4.1387,-3.1840,102.9917,2.9235,0.3973,0.4861,0.5303,0.0000,63.0000,20,10,4,0,0,0,0
2014,opening_day,CHC,CHC Baseball Club,NL,NL Central,39.0143,37.7013,36.9377,22.0294,8.8852,6.5727,2.2716,6.4598,1.1158,-0.0531,0.4655,1.7680,96.9024,4.3373,0.8878,0.5075,0.5193,0.0000,94.4000,13,7,3,0,0,0,0
2014,opening_day,CHW,CHW Baseball Club,AL,AL Central,22.3644,20.2206,18.2324,9.4073,8.0875,3.2708,1.4011,6.3145,3.5505,18.4900,-0.2442,-0.4452,93.1573,3.6452,1.0029,0.4923,0.4416,0.0000,50.0000,24,13,5,0,0,0,0
2014,opening_day,CIN,CIN Baseball Club,NL,NL Central,34.3620,32.5643,31.9582,16.4516,10.2216,4.8082,1.8821,7.0141,3.4825,-3.0552,-2.7145,-3.0320,94.5906,2.5863,0.4422,0.5082,0.4590,0.0000,90.0000,14,8,4,0,0,0,0
2014,opening_day,CLE,CLE Baseball Club,AL,AL Central,45.8028,43.8698,41.4876,22.4241,14.2302,7.6160,3.5210,10.2749,4.0795,14.6568,-0.4680,-0.6365,100.1177,0.0000,1.0376,0.5373,0.5756,0.0000,110.0000,1,1,1,1,1,1,1
2014,opening_day,COL,COL Baseball Club,NL,NL West,34.3975,31.9844,33.4171,17.4713,8.9264,4.9325,2.2634,6.5109,-0.2994,11.0327,2.0888,2.3453,105.5557,5.5764,1.1294,0.5350,0.5283,0.0000,98.5000,11,5,1,1,1,0,0
2014,opening_day,DET,DET Baseball Club,AL,AL Central,31.8036,25.7877,23.0204,16.0342,9.0940,5.8057,2.3716,6.8558,-1.6801,7.1402,-2.6886,-2.0390,106.7892,1.9309,0.9447,0.4840,0.4764,0.0000,70.5000,19,9,3,0,0,0,0
2014,opening_day,HOU,HOU Baseball Club,AL,AL West,34.9329,37.6959,36.7111,20.8720,12.3163,7.2925,3.4583,9.1747,3.6733,11.3723,4.8618,4.6826,102.8848,5.5018,1.3849,0.5203,0.5035,0.0000,89.3000,15,7,2,0,0,0,0
2014,opening_day,KC,KC Baseball Club,AL,AL Central,33.8951,35.9846,39.7557,20.1797,11.4577,7.7051,3.7319,7.9279,0.3583,-1.2386,0.6239,1.8975,96.7972,3.0217,1.4214,0.5516,0.4953,0.0000,110.0000,2,2,2,1,0,0,0
2014,opening_day,LAA,LAA Baseball Club,AL,AL West,21.5888,22.0970,25.8838,12.4968,7.8127,3.0214,1.4815,5.2076,-3.9461,4.3257,-1.3714,-2.0087,93.1334,2.2210,0.3138,0.4684,0.4623,0.0000,50.0000,25,14,4,0,0,0,0
2014,opening_day,LAD,LAD Baseball Club,NL,NL West,20.5304,22.3299,23.7858,10.5750,8.9187,2.7780,1.2654,7.1625,-2.6990,1.7686,2.4877,2.5777,94.6661,1.6266,0.0000,0.4595,0.5083,0.0000,50.0000,26,12,4,0,0,0,0
2014,opening_day,MIA,MIA Baseball Club,NL,NL East,36.1090,41.2994,38.5927,22.1318,11.2079,5.2613,2.1859,7.9929,-11.3335,-13.4281,-3.0837,-2.9910,100.2354,2.8628,0.3993,0.5273,0.5627,0.0000,103.6000,9,3,2,1,0,0,0
2014,opening_day,MIL,MIL Baseball Club,NL,NL Central,32.4571,31.4995,34.3261,20.4061,11.6584,4.3222,2.2854,7.7312,5.9756,-10.6689,2.5171,0.2764,105.6265,3.0090,1.2944,0.5122,0.5120,0.0000,101.5000,10,4,2,1,0,0,0
2014,opening_day,MIN,MIN Baseball Club,AL,AL Central,23.7870,21.5654,23.9716,12.7402,9.0745,3.6506,1.1659,7.4270,-3.7768,2.4441,3.9728,3.2892,106.7596,4.2032,0.3836,0.4825,0.5119,0.0000,59.4000,21,11,4,0,0,0,0
2014,opening_day,NYM,NYM Baseball Club,NL,NL East,30.9300,28.5187,27.8156,14.8631,6.9620,4.7756,2.0042,6.6858,-7.2471,-21.8289,-3.0053,-3.2011,102.7772,3.7420,1.4402,0.5234,0.4807,0.0000,95.9000,12,6,3,1,0,0,0
2014,opening_day,NYY,NYY Baseball Club,AL,AL East,36.6954,38.5147,39.0085,19.8591,16.3654,7.6104,3.6451,12.4875,-7.8566,15.2907,0.2983,-0.5096,96.6930,3.7311,0.8292,0.5465,0.5331,0.0000,110.0000,3,3,1,1,1,0,0
2014,opening_day,OAK,OAK Baseball Club,AL,AL West,35.2164,31.5870,30.9679,17.6702,11.1497,4.1614,1.7557,7.8734,1.7885,24.4841,1.0071,-0.2760,93.1115,3.5111,1.3543,0.5350,0.5124,0.0000,110.0000,4,4,1,1,1,0,0
2014,opening_day,PHI,PHI Baseball Club,NL,NL East,14.4139,16.9206,11.9046,8.9114,6.7876,2.3025,0.7270,5.1642,0.8532,7.7903,2.3852,3.0312,94.7431,1.4465,1.3766,0.4422,0.4583,0.0000,50.0000,27,13,5,0,0,0,0
2014,opening_day,PIT,PIT Baseball Club,NL,NL Central,24.0037,26.4371,23.8571,14.3205,6.6355,4.9978,2.6085,4.4847,6.5417,1.7559,-4.0606,-4.7850,100.3530,4.7673,1.2367,0.4408,0.5001,0.0000,50.0000,28,14,5,0,0,0,0
2014,opening_day,SD,SD Baseball Club,NL,NL West,34.4901,38.9849,37.3971,16.4533,7.1155,7.3268,3.2539,5.4349,-6.2269,18.2228,-1.8370,-2.7059,105.6957,5.0557,1.3977,0.5052,0.5234,0.0000,88.0000,16,9,2,0,0,0,0
2014,opening_day,SEA,SEA Baseball Club,AL,AL West,16.2995,13.6578,16.1471,13.3064,6.3603,2.4021,1.0238,3.6279,-2.7721,-14.7792,-2.3315,-2.8304,106.7281,4.8270,1.8380,0.4638,0.4333,0.0000,50.0000,29,15,5,0,0,0,0
2014,opening_day,SF,SF Baseball Club,NL,NL West,23.4327,25.5877,21.5100,13.9720,6.0139,4.2219,1.9254,4.8135,-4.9966,9.7685,1.1028,0.6776,102.6688,4.1798,0.2316,0.4779,0.4855,0.0000,50.0000,30,15,5,0,0,0,0
2014,opening_day,STL,STL Baseball Club,NL,NL Central,34.7131,37.7517,41.4308,18.0606,10.2124,5.9162,2.8007,8.1220,5.8756,-8.5804,-1.1602,-1.9228,96.5898,3.6815,1.5697,0.5298,0.4888,0.0000,104.5000,8,2,1,1,1,0,0
2014,opening_day,TB,TB Baseball Club,AL,AL East,42.8680,41.8126,42.4343,23.4000,12.2933,7.2744,3.1740,9.5889,-5.1474,11.6166,-1.1804,-0.9367,93.0916,1.0182,0.6300,0.5362,0.5745,0.0000,110.0000,5,5,2,1,0,0,0
2014,opening_day,TEX,TEX Baseball Club,AL,AL West,23.7831,28.1954,24.9602,14.6681,10.6497,4.6997,1.8545,8.1755,2.7354,-16.2983,0.7201,-1.2152,94.8215,0.1412,2.1957,0.4863,0.4972,0.0000,73.3000,18,8,3,0,0,0,0
2014,opening_day,TOR,TOR Baseball Club,AL,AL East,38.1138,35.7061,41.9346,18.8267,11.8442,6.1891,2.4371,8.8517,3.0800,-3.2603,0.3245,-0.6599,100.4705,3.4434,1.5268,0.5353,0.5202,0.0000,110.0000,6,6,3,1,0,0,0
2014,opening_day,WSH,WSH Baseball Club,NL,NL East,43.2327,45.9435,41.3968,21.5816,10.2181,7.8879,3.0432,7.3962,9.6177,-12.5513,0.3593,0.1710,105.7633,3.4656,0.5946,0.5553,0.5668,0.0000,110.0000,7,1,1,1,1,1,0
2015,opening_day,ARI,ARI Baseball Club,NL,NL West,42.3375,40.0751,39.7793,16.7901,12.4605,7.5666,4.0356,9.9323,4.7993,8.5410,1.7449,2.5096,100.0000,3.1086,0.5623,0.5448,0.5572,0.0000,110.0000,1,1,1,1,1,1,1
2015,opening_day,ATL,ATL Baseball Club,NL,NL East,24.1642,21.0868,23.3415,12.2808,3.2963,5.3627,2.4369,2.9460,7.9198,-2.6923,-1.0658,-1.1145,105.4833,4.3232,0.8610,0.4635,0.4967,0.0000,50.0000,22,12,4,0,0,0,0
2015,opening_day,BAL,BAL Baseball Club,AL,AL East,17.6311,15.5881,11.8365,8.6786,5.5298,2.8293,1.4523,4.3383,-2.0300,13.9721,1.2339,-0.5048,106.8169,4.3047,1.0332,0.4453,0.3772,0.0000,50.0000,23,11,5,0,0,0,0
2015,opening_day,BOS,BOS Baseball Club,AL,AL East,22.4300,27.7606,27.8435,12.9512,11.2465,3.6091,1.5281,6.1057,-3.7449,0.6616,1.3620,1.1335,102.9917,4.3605,1.1016,0.5295,0.5077,0.0000,94.5000,10,5,3,1,0,0,0
2015,opening_day,CHC,CHC Baseball Club,NL,NL Central,29.7492,31.3853,31.5060,15.5344,11.3735,4.9568,2.2369,8.4798,5.9676,-7.7158,-2.2797,-3.1586,96.9024,5.8609,0.6919,0.5068,0.4409,0.0000,78.8000,16,9,4,0,0,0,0
2015,opening_day,CHW,CHW Baseball Club,AL,AL Central,26.3607,24.2272,27.1594,13.0169,7.6576,5.3000,2.0105,5.2142,-3.3421,17.0278,-1.3539,-0.1166,93.1573,2.4787,0.5421,0.4730,0.5040,0.0000,50.0000,24,12,4,0,0,0,0
2015,opening_day,CIN,CIN Baseball Club,NL,NL Central,27.6614,26.6249,35.8974,17.7833,9.4063,4.5272,2.2993,7.9408,-1.6659,3.8937,0.5117,1.4327,94.5906,1.3633,1.6911,0.4972,0.5069,0.0000,75.6000,17,10,5,0,0,0,0
2015,opening_day,CLE,CLE Baseball Club,AL,AL Central,41.2291,45.9629,42.0379,26.2186,14.4992,8.1638,3.4692,11.0977,13.2485,1.6030,2.1895,2.2732,100.1177,5.9783,0.3573,0.5531,0.4716,0.0000,110.0000,2,1,1,1,1,1,0
2015,opening_day,COL,COL Baseball Club,NL,NL West,39.5113,34.1895,38.1333,19.9949,13.5634,7.4918,3.6162,11.0567,0.3801,-11.3842,-1.1098,-1.2503,105.5557,1.8955,1.5409,0.5018,0.5456,0.0000,84.6000,14,8,3,0,0,0,0
2015,opening_day,DET,DET Baseball Club,AL,AL Central,29.6852,28.0893,30.9993,16.1723,10.7114,5.6836,2.7669,8.5559,0.0972,-7.9757,-0.3953,0.8730,106.7892,3.6460,0.2355,0.4519,0.4835,0.0000,50.0000,25,13,5,0,0,0,0
2015,opening_day,HOU,HOU Baseball Club,AL,AL West,37.2523,33.9647,32.1657,14.9382,11.5229,6.2158,2.8209,8.8422,-0.2732,13.9786,-5.2687,-4.0205,102.8848,1.3846,1.2061,0.5047,0.5516,0.0000,82.1000,15,7,1,0,1,0,0
2015,opening_day,KC,KC Baseball Club,AL,AL Central,39.8193,41.3500,38.2091,19.3788,13.7608,7.0094,3.9730,9.6726,-2.6516,5.4425,-0.0355,1.2275,96.7972,3.6626,2.1509,0.5187,0.4770,0.0000,109.5000,8,4,2,1,0,0,0
2015,opening_day,LAA,LAA Baseball Club,AL,AL West,27.1099,25.9746,23.6233,13.0864,7.4134,3.7801,1.4331,4.2184,-4.5575,2.6744,-0.0511,-0.6009,93.1334,3.0503,0.8500,0.4676,0.5013,0.0000,50.0000,26,14,4,0,0,0,0
2015,opening_day,LAD,LAD Baseball Club,NL,NL West,19.2697,20.1818,20.4273,11.2911,9.1701,3.4642,1.7462,6.8467,1.1898,11.4610,-2.6471,-1.3643,94.6661,3.0139,1.6911,0.4568,0.5044,0.0000,50.0000,27,13,4,0,0,0,0
2015,opening_day,MIA,MIA Baseball Club,NL,NL East,32.8039,34.1439,34.5419,17.5869,10.1723,4.7738,1.1397,8.2329,2.7151,-7.5780,2.0932,1.8534,100.2354,1.9228,1.0808,0.5411,0.4809,0.0000,108.2000,9,5,2,1,0,0,0
2015,opening_day,MIL,MIL Baseball Club,NL,NL Central,35.4407,35.1128,35.8999,18.4870,10.5744,7.1636,3.0725,8.0585,-0.3469,1.7352,-1.4410,-2.0377,105.6265,1.4299,0.8519,0.5153,0.5520,0.0000,93.8000,11,6,2,1,0,0,0
2015,opening_day,MIN,MIN Baseball Club,AL,AL Central,24.0667,24.3075,21.3198,13.2032,5.6982,4.7514,1.5539,4.9333,1.3793,10.4113,-2.6133,-2.6350,106.7596,3.0238,0.9630,0.5006,0.4752,0.0000,68.7000,19,9,3,0,0,0,0
2015,opening_day,NYM,NYM Baseball Club,NL,NL East,30.2426,30.0054,28.7392,16.7421,10.9209,5.2208,2.9683,7.5849,-8.1587,3.8835,2.3052,2.8400,102.7772,4.1218,1.1934,0.4903,0.5401,0.0000,61.4000,21,11,3,0,0,0,0
2015,opening_day,NYY,NYY Baseball Club,AL,AL East,43.4510,43.7527,44.3232,20.7096,11.7965,7.3197,2.5623,7.5980,-2.8914,11.7051,-1.0553,-1.1354,96.6930,2.9445,0.6618,0.5897,0.4990,0.0000,110.0000,3,2,1,1,1,0,0
2015,opening_day,OAK,OAK Baseball Club,AL,AL West,32.7486,32.3053,30.9132,17.2532,12.0311,6.6313,2.8521,9.4205,3.7303,2.6913,0.7093,0.8318,93.1115,0.0000,1.1592,0.4876,0.4916,0.0000,63.2000,20,10,3,0,0,0,0
2015,opening_day,PHI,PHI Baseball Club,NL,NL East,25.2668,23.2123,18.2713,11.5639,6.0553,3.9405,1.6313,5.8624,6.6846,13.7762,-1.1756,-1.3553,94.7431,3.0370,1.1222,0.4455,0.5147,0.0000,50.0000,28,14,5,0,0,0,0
2015,opening_day,PIT,PIT Baseball Club,NL,NL Central,25.5120,29.8058,30.7791,14.2932,8.0129,7.3229,3.0720,5.7496,-1.1803,28.8023,1.7929,3.1566,100.3530,3.8873,0.3221,0.5135,0.5332,0.0000,87.2000,13,7,3,0,0,0,0
2015,opening_day,SD,SD Baseball Club,NL,NL West,31.5091,34.5408,33.9156,15.5393,9.0361,4.7783,1.7409,6.6396,4.4571,2.0220,0.4558,-1.3903,105.6957,0.2750,0.7947,0.5312,0.4592,0.0000,110.0000,4,2,2,1,0,0,0
2015,opening_day,SEA,SEA Baseball Club,AL,AL West,19.5805,20.8801,22.0500,8.7593,4.5764,3.6460,1.3087,1.8382,-0.8223,9.4734,2.4407,2.4279,106.7281,4.5400,1.0381,0.4526,0.4966,0.0000,50.0000,29,15,5,0,0,0,0
2015,opening_day,SF,SF Baseball Club,NL,NL West,19.2731,20.1315,24.2013,7.7808,8.5344,2.2673,0.5397,5.0398,-3.5323,9.4600,-1.0563,-3.3224,102.6688,4.5298,1.4580,0.4599,0.4715,0.0000,50.0000,30,15,5,0,0,0,0
2015,opening_day,STL,STL Baseball Club,NL,NL Central,37.0676,36.2472,38.0076,19.6096,11.9487,5.3523,2.6488,8.9302,0.4849,-0.0936,0.9121,1.7614,96.5898,3.9225,0.5857,0.5564,0.5088,0.0000,110.0000,5,3,1,1,1,0,0
2015,opening_day,TB,TB Baseball Club,AL,AL East,41.6179,42.7087,39.0840,20.8106,11.6288,5.5786,2.0959,8.6294,3.1439,-10.2636,-4.1801,-3.9913,93.0916,2.5856,1.3161,0.5359,0.5657,0.0000,110.0000,6,3,2,1,0,0,0
2015,opening_day,TEX,TEX Baseball Club,AL,AL West,30.5646,28.9677,28.4436,14.1760,10.4899,4.4032,1.5487,7.7170,5.7648,22.2627,0.4512,2.2962,94.8215,3.8214,1.0084,0.4849,0.5000,0.0000,72.3000,18,8,2,0,0,0,0
2015,opening_day,TOR,TOR Baseball Club,AL,AL East,31.9579,36.9536,31.1598,17.4592,12.2584,5.7347,2.6670,8.9522,-12.7934,28.0660,1.7459,1.7885,100.4705,5.2839,0.0000,0.5226,0.4876,0.0000,90.2000,12,6,4,1,0,0,0
2015,opening_day,WSH,WSH Baseball Club,NL,NL East,41.0024,48.1396,43.1004,22.3345,15.1129,6.8148,3.0282,11.4399,4.4800,4.6830,-0.5594,-0.7037,105.7633,2.0927,0.5094,0.5667,0.5165,0.0000,110.0000,7,4,1,1,1,0,0
2016,opening_day,ARI,ARI Baseball Club,NL,NL West,36.1820,42.9804,42.9903,21.8123,13.0975,6.4643,2.4502,9.2847,9.2734,-5.5774,-2.9248,-3.4229,100.0000,2.7376,0.6310,0.5184,0.5130,0.0000,103.4000,11,7,3,0,0,0,0
2016,opening_day,ATL,ATL Baseball Club,NL,NL East,20.4213,19.2384,18.4797,12.0454,6.5629,2.9662,1.2031,4.9424,2.1317,-4.9747,2.3479,2.2326,105.4833,2.6921,1.3281,0.4700,0.3897,0.0000,50.0000,22,13,4,0,0,0,0
2016,opening_day,BAL,BAL Baseball Club,AL,AL East,23.4339,22.2136,22.2300,12.1690,5.7731,3.2685,1.7767,4.5703,5.5014,14.7564,-0.1801,0.6744,106.8169,0.0000,0.7883,0.4704,0.4773,0.0000,50.0000,23,10,4,0,0,0,0
2016,opening_day,BOS,BOS Baseball Club,AL,AL East,28.7044,22.5959,21.3190,12.8299,6.9043,4.5865,1.4579,4.0505,-4.7011,-8.1857,-1.3010,-1.1487,102.9917,3.4989,0.2733,0.4576,0.4829,0.0000,50.0000,24,11,5,0,0,0,0
2016,opening_day,CHC,CHC Baseball Club,NL,NL Central,38.2277,37.6569,35.1902,18.5869,10.1942,6.6939,2.5056,6.6051,6.2901,0.9425,-1.3795,-2.1505,96.9024,1.1488,1.7027,0.5122,0.5262,0.0000,95.6000,14,9,4,0,0,0,0
2016,opening_day,CHW,CHW Baseball Club,AL,AL Central,25.4189,26.7027,24.8892,14.2557,9.3517,3.2241,1.4026,6.3279,6.2766,-1.3719,0.9969,0.2326,93.1573,0.0000,0.9474,0.4747,0.5494,0.0000,57.7000,19,9,3,0,0,0,0
2016,opening_day,CIN,CIN Baseball Club,NL,NL Central,31.8778,38.7096,31.9592,16.0882,10.6113,5.8719,2.5565,6.7223,0.1394,-3.9553,-5.6807,-4.8723,94.5906,2.2175,1.5310,0.5206,0.5224,0.0000,104.5000,10,6,2,1,0,0,0
2016,opening_day,CLE,CLE Baseball Club,AL,AL Central,45.3234,45.8095,43.8476,26.3207,16.9319,6.2942,2.3511,13.4471,-3.0385,-10.1562,2.1746,1.2355,100.1177,0.0000,0.1183,0.5494,0.5579,0.0000,110.0000,1,1,1,1,1,1,1
2016,opening_day,COL,COL Baseball Club,NL,NL West,42.9247,40.4971,38.4500,23.0744,11.8132,6.2708,2.1940,8.8959,2.4833,17.7622,2.0022,2.4208,105.5557,1.8498,0.0000,0.5926,0.5313,0.0000,110.0000,2,1,1,1,1,1,0
2016,opening_day,DET,DET Baseball Club,AL,AL Central,30.5240,32.0556,29.7668,15.5984,7.2705,5.3472,1.9973,5.6899,-2.5112,-12.0333,1.9381,0.7504,106.7892,0.6217,0.8199,0.4687,0.4828,0.0000,50.0000,25,12,4,0,0,0,0
2016,opening_day,HOU,HOU Baseball Club,AL,AL West,33.3534,31.3151,32.2583,17.4224,9.4677,6.1971,2.6247,6.1766,6.1097,4.0727,-0.8182,-1.8549,102.8848,1.6981,0.8314,0.4983,0.4986,0.0000,81.7000,17,8,3,0,0,0,0
2016,opening_day,KC,KC Baseball Club,AL,AL Central,36.3152,37.6747,43.3036,19.6338,12.5479,6.3805,3.0131,8.9888,3.1398,-19.3051,-1.5739,-0.4249,96.7972,3.7127,1.5398,0.5317,0.5043,0.0000,110.0000,3,2,2,1,0,0,0
2016,opening_day,LAA,LAA Baseball Club,AL,AL West,25.6437,25.4651,28.7744,15.7464,5.7312,3.9616,1.7315,3.3698,0.4673,-7.7442,-2.8689,-1.5635,93.1334,4.7687,1.5467,0.4528,0.5083,0.0000,50.0000,26,13,4,0,0,0,0
2016,opening_day,LAD,LAD Baseball Club,NL,NL West,18.1412,22.0321,20.5768,7.5901,6.5645,3.6703,1.8849,5.9541,2.9040,4.6965,3.3822,4.0224,94.6661,4.4868,1.6571,0.4507,0.4668,0.0000,50.0000,27,14,5,0,0,0,0
2016,opening_day,MIA,MIA Baseball Club,NL,NL East,31.9251,33.1413,30.5131,18.0257,13.8825,4.9794,1.8730,10.1449,-4.8687,14.7697,0.4486,-0.4023,100.2354,2.7178,1.5559,0.5373,0.5329,0.0000,105.0000,8,5,2,1,0,0,0
2016,opening_day,MIL,MIL Baseball Club,NL,NL Central,31.5790,30.5051,32.0490,14.7889,6.8848,5.5930,2.5677,4.7229,7.6723,-14.2383,-0.4468,-0.3861,105.6265,1.9313,1.5607,0.4763,0.4836,0.0000,54.6000,20,11,5,0,0,0,0
2016,opening_day,MIN,MIN Baseball Club,AL,AL Central,21.8069,22.4267,22.4913,13.9219,7.2440,4.6116,2.2438,5.2815,-6.0160,-6.0323,-0.1971,-0.1829,106.7596,0.7467,1.2207,0.4531,0.4840,0.0000,50.0000,28,14,5,0,0,0,0
2016,opening_day,NYM,NYM Baseball Club,NL,NL East,30.2087,26.8926,30.2481,14.2532,10.1016,4.8747,1.9515,7.8582,-0.8660,6.2385,-2.8599,-4.3584,102.7772,2.4993,1.3296,0.4932,0.5154,0.0000,77.6000,18,10,3,0,0,0,0
2016,opening_day,NYY,NYY Baseball Club,AL,AL East,39.2892,41.3274,45.4158,20.8467,13.3998,6.8271,2.1037,9.8101,-2.2588,2.7453,2.2066,2.5707,96.6930,3.9431,2.1248,0.5047,0.5481,0.0000,99.0000,13,5,3,1,0,0,0
2016,opening_day,OAK,OAK Baseball Club,AL,AL West,30.6516,32.2030,30.0154,15.4545,8.2817,5.1874,1.5063,4.5374,1.0817,15.7473,-2.6597,-1.6050,93.1115,5.6679,1.4706,0.5097,0.4856,0.0000,82.3000,16,7,2,0,0,0,0
2016,opening_day,PHI,PHI Baseball Club,NL,NL East,24.7183,24.4707,25.9274,11.8072,5.5209,3.4350,1.3686,3.6819,-6.0235,-7.3214,1.8386,2.5688,94.7431,4.3727,1.3759,0.4830,0.4317,0.0000,50.0000,29,15,5,0,0,0,0
2016,opening_day,PIT,PIT Baseball Club,NL,NL Central,36.4485,34.7333,39.8312,16.5468,11.9700,5.8262,2.3119,7.6081,1.7961,-7.8832,-0.8631,-0.0179,100.3530,4.5664,1.2983,0.5262,0.4840,0.0000,102.0000,12,8,3,0,0,0,0
2016,opening_day,SD,SD Baseball Club,NL,NL West,32.6576,37.9102,36.5721,18.3020,9.4821,5.6156,2.5986,6.7036,-0.5518,-4.9489,-1.3733,-0.4399,105.6957,0.9787,1.2686,0.5327,0.5216,0.0000,105.5000,7,4,2,1,0,0,0
2016,opening_day,SEA,SEA Baseball Club,AL,AL West,27.4243,29.0065,28.3412,13.2496,4.1759,3.3808,2.0672,4.1897,1.6328,3.0073,0.8288,1.2328,106.7281,2.1324,0.9475,0.4277,0.4475,0.0000,50.0000,30,15,5,0,0,0,0
2016,opening_day,SF,SF Baseball Club,NL,NL West,23.9673,25.2538,21.9705,10.2923,7.1960,3.6770,1.0655,4.1796,0.6547,15.7905,1.1897,2.1375,102.6688,3.0666,1.6082,0.4771,0.4466,0.0000,52.1000,21,12,4,0,0,0,0
2016,opening_day,STL,STL Baseball Club,NL,NL Central,37.4832,35.2635,36.7866,18.9614,13.2903,6.0436,2.5995,10.3328,-3.3733,10.1669,3.1484,3.0525,96.5898,1.4088,1.7137,0.5603,0.5709,0.0000,110.0000,4,2,1,1,1,0,0
2016,opening_day,TB,TB Baseball Club,AL,AL East,38.8076,37.9720,37.6637,19.3725,9.8171,5.6616,2.8580,5.9072,-4.0591,-8.6547,-1.9029,-2.5424,93.0916,1.9843,0.4697,0.5495,0.4856,0.0000,110.0000,5,3,1,1,1,0,0
2016,opening_day,TEX,TEX Baseball Club,AL,AL West,31.6634,30.5232,25.9521,17.1593,7.6829,5.3345,2.0302,5.1498,7.2700,-6.1508,0.8957,0.2152,94.8215,3.4579,1.0959,0.5095,0.4793,0.0000,84.1000,15,6,1,1,1,0,0
2016,opening_day,TOR,TOR Baseball Club,AL,AL East,35.1775,28.7498,31.0375,17.3033,9.6524,5.4604,1.8133,7.5882,-2.4059,5.4365,-0.8429,-0.8674,100.4705,0.8669,1.0388,0.5248,0.5067,0.0000,104.7000,9,4,2,1,0,0,0
2016,opening_day,WSH,WSH Baseball Club,NL,NL East,43.0512,41.2473,43.1633,20.1838,13.1378,6.8984,3.0642,8.6871,3.0376,-8.7905,0.6398,0.3170,105.7633,2.3172,0.0566,0.5484,0.5056,0.0000,110.0000,6,3,1,1,1,0,0
2017,opening_day,ARI,ARI Baseball Club,NL,NL West,41.7013,33.5392,34.2851,19.7879,13.0991,6.3681,3.4442,9.1215,-0.6462,-35.8357,2.7293,-0.1330,100.0000,2.8660,1.7545,0.5059,0.4894,0.0000,90.3000,12,8,3,0,0,0,0
2017,opening_day,ATL,ATL Baseball Club,NL,NL East,25.1573,23.4431,22.7012,14.1647,8.6357,4.3987,2.2213,6.3621,6.9584,15.4515,3.2877,1.4596,105.4833,2.0923,0.6839,0.4783,0.4536,0.0000,54.2000,23,12,4,0,0,0,0
2017,opening_day,BAL,BAL Baseball Club,AL,AL East,23.5124,23.0569,16.9358,11.3091,8.6205,2.8796,1.0485,6.3956,1.7194,12.6390,4.1033,4.5239,106.8169,2.6848,0.8513,0.4772,0.4857,0.0000,50.0000,25,12,5,0,0,0,0
2017,opening_day,BOS,BOS Baseball Club,AL,AL East,35.3140,35.7803,33.3913,18.0599,9.5707,4.1717,1.7337,8.5258,3.6061,-9.6684,-3.0075,-2.8758,102.9917,4.5667,1.4129,0.5117,0.5190,0.0000,86.8000,14,6,3,1,0,0,0
2017,opening_day,CHC,CHC Baseball Club,NL,NL Central,37.8612,37.3804,35.8620,22.2780,12.7584,7.0400,2.9973,9.6197,-0.1084,-0.3000,-2.7281,-1.6092,96.9024,6.4579,1.9725,0.5326,0.5648,0.0000,104.7000,9,6,3,1,0,0,0
2017,opening_day,CHW,CHW Baseball Club,AL,AL Central,22.5283,24.9452,26.6847,12.3630,6.2481,4.6255,1.9621,4.1475,4.0510,-24.6007,-2.0231,-1.8728,93.1573,1.5196,0.6066,0.5244,0.4185,0.0000,87.0000,13,5,3,1,0,0,0
2017,opening_day,CIN,CIN Baseball Club,NL,NL Central,38.0112,33.9285,32.8975,19.1224,12.0131,6.3033,2.6269,9.3771,6.6919,14.8848,-0.3341,0.6449,94.5906,4.1407,0.3178,0.5009,0.5466,0.0000,78.3000,18,10,5,0,0,0,0
2017,opening_day,CLE,CLE Baseball Club,AL,AL Central,44.3889,41.0203,41.3170,20.1160,12.3671,8.4633,3.0305,8.0307,1.6434,13.7141,-0.4872,-1.0698,100.1177,2.5837,0.2102,0.5333,0.4804,0.0000,110.0000,1,1,1,1,1,1,1
2017,opening_day,COL,COL Baseball Club,NL,NL West,36.5864,40.0590,43.1517,18.3742,14.2069,5.3407,2.4459,8.6642,-5.1110,1.4841,1.9402,2.3625,105.5557,0.0000,1.4860,0.5298,0.4973,0.0000,110.0000,2,1,1,1,1,1,0
2017,opening_day,DET,DET Baseball Club,AL,AL Central,26.5239,22.7285,19.6009,11.9840,9.2664,5.1654,2.3675,6.8050,8.8502,-0.3383,4.0010,3.7605,106.7892,3.1975,1.3921,0.4924,0.4474,0.0000,73.9000,19,9,4,0,0,0,0
2017,opening_day,HOU,HOU Baseball Club,AL,AL West,31.4729,31.9335,31.3278,13.7134,12.4897,7.1182,3.0039,8.9758,6.9483,8.0246,0.1173,-1.2002,102.8848,3.0254,1.3026,0.4897,0.5062,0.0000,79.9000,16,8,1,0,1,0,0
2017,opening_day,KC,KC Baseball Club,AL,AL Central,37.1634,35.9005,33.7243,21.7290,9.4681,6.5420,3.2695,7.1826,5.5913,-1.7775,-2.8396,-4.4414,96.7972,0.0000,0.9818,0.5397,0.5557,0.0000,110.0000,3,2,2,1,0,0,0
2017,opening_day,LAA,LAA Baseball Club,AL,AL West,22.0043,20.8100,15.8540,8.6611,3.3791,3.1312,1.3354,2.4790,-1.2988,-3.5661,-1.2354,-0.5402,93.1334,2.1209,1.7724,0.4868,0.5000,0.0000,50.0000,26,13,4,0,0,0,0
2017,opening_day,LAD,LAD Baseball Club,NL,NL West,15.2765,10.3928,12.3102,6.5739,2.9300,2.5193,0.9855,1.5658,-4.4758,-4.8639,1.2664,0.2068,94.6661,3.6618,1.3511,0.4330,0.4663,0.0000,50.0000,27,14,5,0,0,0,0
2017,opening_day,MIA,MIA Baseball Club,NL,NL East,26.4648,23.6870,25.0342,13.6497,5.6914,4.0125,2.0414,5.0918,4.9339,3.2033,-0.7032,-1.7765,100.2354,3.4874,0.8346,0.4805,0.4867,0.0000,59.4000,21,11,3,0,0,0,0
2017,opening_day,MIL,MIL Baseball Club,NL,NL Central,38.8719,36.2415,33.9917,20.1655,11.9160,7.3512,3.4122,7.4632,1.3862,9.7812,2.6335,3.2529,105.6265,1.7372,1.1051,0.5252,0.5103,0.0000,98.1000,11,7,4,0,0,0,0
2017,opening_day,MIN,MIN Baseball Club,AL,AL Central,16.8833,19.2224,17.6423,7.5727,5.7572,3.0192,1.3106,3.7331,1.7659,3.7438,-1.8299,-3.3345,106.7596,5.1309,1.6585,0.4669,0.4602,0.0000,50.0000,28,14,5,0,0,0,0
2017,opening_day,NYM,NYM Baseball Club,NL,NL East,29.9201,28.0310,31.8554,19.1288,9.4642,5.6987,2.5934,6.4457,1.3879,-13.4602,-0.3667,-0.5131,102.7772,4.5530,1.1111,0.4990,0.5445,0.0000,79.7000,17,9,2,0,0,0,0
2017,opening_day,NYY,NYY Baseball Club,AL,AL East,41.1804,42.9474,43.0696,20.9403,13.7806,7.0930,2.6317,9.8057,-7.3003,-0.5425,-2.0880,-1.9176,96.6930,3.8822,0.0000,0.5519,0.6075,0.0000,110.0000,4,3,1,1,1,0,0
2017,opening_day,OAK,OAK Baseball Club,AL,AL West,32.4322,32.4038,34.4018,14.9871,9.8136,4.9732,1.5190,6.0284,-0.3773,16.0779,3.1753,3.4101,93.1115,3.8638,1.3003,0.4825,0.4921,0.0000,70.8000,20,10,2,0,0,0,0
2017,opening_day,PHI,PHI Baseball Club,NL,NL East,24.6747,24.2060,25.8559,15.2873,8.5321,4.2240,1.6823,6.5084,-7.6827,-5.8916,2.2533,1.1202,94.7431,5.4331,1.2730,0.4651,0.4405,0.0000,50.0000,29,15,5,0,0,0,0
2017,opening_day,PIT,PIT Baseball Club,NL,NL Central,27.8011,29.3549,28.5860,13.9876,12.8576,5.5129,2.4975,11.1432,5.0570,18.2105,0.2072,-0.6085,100.3530,3.3827,1.4431,0.5270,0.4954,0.0000,106.9000,7,4,1,1,1,0,0
2017,opening_day,SD,SD Baseball Club,NL,NL West,36.9513,34.0580,42.7828,21.7906,11.6912,6.0926,2.7570,7.2044,3.4478,-16.4750,2.7770,3.1984,105.6957,2.3483,1.6044,0.5435,0.5242,0.0000,110.0000,5,2,2,1,0,0,0
2017,opening_day,SEA,SEA Baseball Club,AL,AL West,22.3439,25.0164,23.7425,11.4896,9.9382,3.9070,0.9003,7.3714,7.4184,41.3467,-2.3670,-1.6485,106.7281,4.0244,1.7001,0.4634,0.5303,0.0000,50.0000,30,15,5,0,0,0,0
2017,opening_day,SF,SF Baseball Club,NL,NL West,21.0547,19.9566,17.7348,11.1256,4.3168,4.1369,1.9704,2.6839,6.1716,-19.5290,0.0214,-1.9934,102.6688,0.0703,2.0005,0.4862,0.5111,0.0000,51.2000,24,13,4,0,0,0,0
2017,opening_day,STL,STL Baseball Club,NL,NL Central,35.7689,35.1980,39.0056,21.7138,11.2252,6.0555,2.3190,8.5345,-3.4208,-4.1451,0.3615,1.1970,96.5898,1.3295,0.9153,0.5322,0.5257,0.0000,106.7000,8,5,2,1,0,0,0
2017,opening_day,TB,TB Baseball Club,AL,AL East,35.2472,35.1909,35.4066,19.2133,13.8016,5.7750,2.4513,9.8211,-2.1812,-4.3586,1.2747,1.9193,93.0916,4.7302,1.3020,0.5036,0.5037,0.0000,83.8000,15,7,4,0,0,0,0
2017,opening_day,TEX,TEX Baseball Club,AL,AL West,26.2708,28.0831,23.1693,15.6448,10.2356,4.2582,1.8379,7.7670,0.5760,-17.1815,-1.6469,-3.3247,94.8215,3.3340,1.8774,0.4685,0.4802,0.0000,55.4000,22,11,3,0,0,0,0
2017,opening_day,TOR,TOR Baseball Club,AL,AL East,31.9937,35.7764,32.8593,17.5029,10.0718,4.7328,2.0199,7.3819,1.8172,-16.2677,0.8897,0.4646,100.4705,0.0000,0.8775,0.5127,0.5115,0.0000,101.8000,10,4,2,1,0,0,0
2017,opening_day,WSH,WSH Baseball Club,NL,NL East,34.6851,34.3958,30.2242,16.0687,11.1111,4.3073,1.5634,7.4937,2.3615,-0.4605,0.4506,0.0201,105.7633,0.4553,1.7739,0.5204,0.4926,0.0000,107.0000,6,3,1,1,1,0,0
2018,opening_day,ARI,ARI Baseball Club,NL,NL West,37.6856,41.1063,36.3767,20.8663,11.8575,6.9921,3.2353,9.1272,-9.2204,-15.8615,0.3083,-0.1856,100.0000,1.5603,0.9507,0.5271,0.5347,0.0000,110.0000,1,1,1,1,1,1,1
2018,opening_day,ATL,ATL Baseball Club,NL,NL East,23.7210,21.1095,22.3571,13.2714,8.6050,3.9108,1.7584,6.9241,-1.2184,-3.7890,-5.3530,-5.7998,105.4833,3.5619,0.6044,0.4417,0.4807,0.0000,50.0000,24,13,5,0,0,0,0
2018,opening_day,BAL,BAL Baseball Club,AL,AL East,29.7258,31.7736,31.9674,13.5116,11.2034,3.9629,1.3324,7.6350,4.9096,-5.5745,-0.9737,-2.4195,106.8169,6.8062,1.6761,0.5062,0.5165,0.0000,78.3000,16,6,4,1,0,0,0
2018,opening_day,BOS,BOS Baseball Club,AL,AL East,34.4054,31.2800,33.5630,19.4041,13.3354,6.3026,2.6229,10.9024,2.4749,14.7099,0.8426,-2.5648,102.9917,0.5096,1.3333,0.4761,0.4606,0.0000,52.9000,23,11,5,0,0,0,0
2018,opening_day,CHC,CHC Baseball Club,NL,NL Central,39.9438,38.8597,34.6748,23.6727,12.1156,5.9823,2.2189,8.0861,4.6629,1.0342,-1.7219,-1.8299,96.9024,2.3331,1.3909,0.5527,0.5039,0.0000,110.0000,2,2,1,1,1,0,0
2018,opening_day,CHW,CHW Baseball Club,AL,AL Central,36.0346,32.1547,29.6060,15.8267,10.0413,5.5902,2.9163,6.7102,3.2803,-4.5223,-0.1293,0.1021,93.1573,0.0000,1.3945,0.4859,0.4828,0.0000,59.9000,21,9,4,0,0,0,0
2018,opening_day,CIN,CIN Baseball Club,NL,NL Central,33.3376,35.2442,32.5781,16.0064,10.8267,5.2967,2.2516,7.7062,3.6066,1.9686,-1.8016,-2.9563,94.5906,0.0000,1.2172,0.5155,0.5387,0.0000,92.5000,11,9,5,0,0,0,0
2018,opening_day,CLE,CLE Baseball Club,AL,AL Central,41.1954,45.6376,39.9757,20.5791,13.6679,5.8545,2.2615,10.0739,7.0946,-17.1537,-1.4639,-1.9291,100.1177,3.8910,1.3843,0.5596,0.5931,0.0000,110.0000,3,1,1,1,1,1,0
2018,opening_day,COL,COL Baseball Club,NL,NL West,33.0029,37.2948,35.6243,20.6480,10.4412,5.6878,2.2370,7.2659,-3.9474,9.6938,0.9219,-0.2458,105.5557,3.4112,0.4948,0.5186,0.5210,0.0000,89.3000,13,10,2,0,0,0,0
2018,opening_day,DET,DET Baseball Club,AL,AL Central,21.0805,25.5830,25.4336,12.3260,9.4126,5.6778,2.0331,5.6645,1.3904,-13.2554,1.3348,3.4763,106.7892,4.6838,1.7826,0.4717,0.4364,0.0000,50.0000,25,12,5,0,0,0,0
2018,opening_day,HOU,HOU Baseball Club,AL,AL West,31.1357,31.7736,31.2357,17.4296,10.8891,4.2177,1.5439,8.4719,-1.3547,13.0562,0.9677,1.3389,102.8848,4.4997,0.4388,0.4647,0.4284,0.0000,55.3000,22,10,2,0,0,0,0
2018,opening_day,KC,KC Baseball Club,AL,AL Central,32.0037,33.3373,32.8427,15.5498,12.0158,4.7565,1.6872,8.6084,-1.7033,-13.3914,0.4384,-2.2194,96.7972,3.0333,0.4951,0.4863,0.4991,0.0000,75.2000,17,7,2,0,0,0,0
2018,opening_day,LAA,LAA Baseball Club,AL,AL West,15.7774,14.6730,17.3553,8.7368,5.5333,2.0170,0.8424,4.6711,-1.2853,18.7510,0.5796,2.0829,93.1334,3.3263,1.3878,0.4636,0.4340,0.0000,50.0000,26,13,3,0,0,0,0
2018,opening_day,LAD,LAD Baseball Club,NL,NL West,18.1446,15.7776,10.7336,3.8603,6.8855,4.4363,1.6815,5.0107,4.9974,3.8898,0.5000,1.4081,94.6661,4.2518,1.6303,0.4195,0.4755,0.0000,50.0000,27,14,4,0,0,0,0
2018,opening_day,MIA,MIA Baseball Club,NL,NL East,32.9207,36.1117,34.5410,18.6507,11.5901,6.7286,2.8072,9.3290,-9.3308,9.5391,1.3216,1.0717,100.2354,0.6267,0.6950,0.5202,0.5514,0.0000,110.0000,4,3,1,1,1,0,0
2018,opening_day,MIL,MIL Baseball Club,NL,NL Central,35.2758,38.7087,37.5103,19.7628,10.9653,7.2998,3.1367,7.8352,-2.0671,2.6864,1.6239,2.7844,105.6265,5.1240,1.4411,0.5578,0.5018,0.0000,110.0000,5,4,2,1,0,0,0
2018,opening_day,MIN,MIN Baseball Club,AL,AL Central,27.1479,28.2100,30.0613,14.0954,8.2634,5.2450,2.1625,5.1265,-2.3697,9.4583,0.7261,0.6926,106.7596,1.1861,1.0368,0.4837,0.5090,0.0000,64.0000,20,8,3,0,0,0,0
2018,opening_day,NYM,NYM Baseball Club,NL,NL East,34.6386,34.7194,34.4111,17.2961,14.0694,7.1573,2.7602,9.2868,-8.8750,-17.4899,-0.5819,-0.6210,102.7772,3.2023,0.8264,0.5340,0.5099,0.0000,110.0000,6,5,2,1,0,0,0
2018,opening_day,NYY,NYY Baseball Club,AL,AL East,48.1327,45.7145,47.7673,25.4888,14.1166,8.7852,3.2412,10.4645,-6.6605,-3.3854,1.8326,2.4896,96.6930,0.0000,1.0460,0.5684,0.5525,0.0000,110.0000,7,2,1,1,1,0,0
2018,opening_day,OAK,OAK Baseball Club,AL,AL West,36.5300,32.3924,32.2864,16.1978,11.0209,6.1369,3.2898,6.7506,-3.9458,10.4220,0.9105,1.4875,93.1115,3.7192,0.7615,0.5097,0.5085,0.0000,83.8000,15,5,1,1,1,0,0
2018,opening_day,PHI,PHI Baseball Club,NL,NL East,31.1160,29.0202,31.2116,16.0060,8.7984,3.6691,1.3277,5.4087,0.5618,-1.9692,3.9660,3.4159,94.7431,0.9727,0.8893,0.4851,0.4312,0.0000,65.7000,19,12,4,0,0,0,0
2018,opening_day,PIT,PIT Baseball Club,NL,NL Central,36.5655,38.3697,42.1181,16.8204,14.2647,5.5458,2.1351,10.4911,9.3658,-30.4291,-2.3524,-4.0404,100.3530,1.8049,0.8350,0.5469,0.5113,0.0000,110.0000,8,6,3,1,0,0,0
2018,opening_day,SD,SD Baseball Club,NL,NL West,35.7492,35.9261,33.2322,19.1409,10.3669,5.0187,2.5073,5.6592,-8.6246,-7.4231,2.3735,2.3658,105.6957,5.0659,0.4506,0.4776,0.4721,0.0000,66.2000,18,11,3,0,0,0,0
2018,opening_day,SEA,SEA Baseball Club,AL,AL West,24.3721,24.0529,22.6242,12.6230,8.3459,4.2661,1.4793,5.9096,-15.3400,7.2022,-0.7564,-0.9420,106.7281,2.1475,1.7902,0.4559,0.4999,0.0000,50.0000,28,14,4,0,0,0,0
2018,opening_day,SF,SF Baseball Club,NL,NL West,19.1367,17.3642,23.0429,12.7856,6.9312,2.7184,1.0084,5.9540,0.9432,3.8094,0.1694,-0.5113,102.6688,1.2181,1.5105,0.4662,0.4359,0.0000,50.0000,29,15,5,0,0,0,0
2018,opening_day,STL,STL Baseball Club,NL,NL Central,36.4827,38.7117,41.1758,19.3593,12.0485,5.1195,2.1569,8.3231,0.2179,12.4047,-2.2968,-1.5457,96.5898,0.0000,1.2252,0.5128,0.4776,0.0000,102.7000,9,7,4,0,0,0,0
2018,opening_day,TB,TB Baseball Club,AL,AL East,33.7987,32.6199,28.6385,21.8332,11.7394,5.2507,1.9143,8.1676,-8.7998,-16.6715,0.4150,1.0957,93.0916,5.3200,2.2626,0.5084,0.5430,0.0000,91.8000,12,3,2,1,0,0,0
2018,opening_day,TEX,TEX Baseball Club,AL,AL West,26.1125,26.7297,28.4248,12.7509,7.8019,2.6999,1.4454,5.2311,4.2432,17.4709,1.2221,1.0564,94.8215,1.8691,2.2390,0.4664,0.4880,0.0000,50.0000,30,15,5,0,0,0,0
2018,opening_day,TOR,TOR Baseball Club,AL,AL East,33.9813,35.5514,35.5572,16.5483,11.7205,4.9570,2.1126,8.7407,1.0067,-24.4945,-0.8151,-1.0912,100.4705,3.4029,0.1825,0.5098,0.4921,0.0000,86.6000,14,4,3,1,0,0,0
2018,opening_day,WSH,WSH Baseball Club,NL,NL East,39.4397,35.2563,35.7799,22.2643,13.1892,7.1999,3.2463,9.8148,-3.8216,18.9366,0.2775,0.4139,105.7633,3.9078,0.3449,0.5018,0.4781,0.0000,94.0000,10,8,3,0,0,0,0
2019,opening_day,ARI,ARI Baseball Club,NL,NL West,41.6095,39.9312,43.6254,19.3133,11.3758,6.1082,2.6342,7.7053,2.7418,4.0783,1.5598,2.7994,100.0000,0.7331,1.3279,0.5301,0.5369,0.0000,110.0000,1,1,1,1,1,1,1
2019,opening_day,ATL,ATL Baseball Club,NL,NL East,22.9373,29.2730,24.5012,13.9132,6.8294,4.5619,2.5018,3.9470,-2.1376,-9.5516,-1.6618,-1.5411,105.4833,1.9938,0.7954,0.4754,0.5211,0.0000,50.0000,21,11,4,0,0,0,0
2019,opening_day,BAL,BAL Baseball Club,AL,AL East,24.3812,23.9466,23.2076,12.4809,8.5661,4.1831,2.1347,5.6970,-4.4118,3.1605,-0.9092,-0.9215,106.8169,1.1162,1.0634,0.5034,0.4857,0.0000,74.3000,17,8,4,0,0,0,0
2019,opening_day,BOS,BOS Baseball Club,AL,AL East,36.4188,40.2535,45.7497,21.7822,10.4484,7.1847,3.2671,6.5663,0.1776,2.7340,0.7554,1.2050,102.9917,3.7075,0.3696,0.5552,0.5530,0.0000,110.0000,2,1,1,1,1,1,0
2019,opening_day,CHC,CHC Baseball Club,NL,NL Central,33.6455,34.3914,33.2646,15.1566,13.8503,5.0756,2.3163,10.9591,0.3500,-3.2278,-1.4425,-3.4959,96.9024,0.5591,1.0479,0.5192,0.5217,0.0000,97.2000,11,8,3,0,0,0,0
2019,opening_day,CHW,CHW Baseball Club,AL,AL Central,29.2796,30.4291,28.7606,14.5544,6.3428,6.4116,2.8940,4.6747,2.2150,2.7296,-0.1216,0.8157,93.1573,2.6844,1.8459,0.5171,0.5169,0.0000,93.3000,13,5,3,1,0,0,0
2019,opening_day,CIN,CIN Baseball Club,NL,NL Central,27.7290,24.0908,23.2803,13.7882,5.4488,3.1009,1.3031,4.3057,-4.0575,-9.2447,-0.3040,-1.0319,94.5906,2.5275,1.0114,0.4572,0.4324,0.0000,50.0000,22,12,5,0,0,0,0
2019,opening_day,CLE,CLE Baseball Club,AL,AL Central,43.9567,44.1399,42.7965,20.8868,10.8926,8.0625,3.4574,7.8843,-10.2851,-19.6014,-0.3438,0.2461,100.1177,6.3930,1.1061,0.5406,0.5202,0.0000,110.0000,3,2,1,1,1,0,0
2019,opening_day,COL,COL Baseball Club,NL,NL West,33.2870,29.4366,27.6870,12.4487,8.8754,4.8414,1.7771,5.9041,3.8893,-12.8111,-4.9538,-5.5161,105.5557,1.6247,1.1980,0.5040,0.5367,0.0000,74.2000,18,10,3,0,0,0,0
2019,opening_day,DET,DET Baseball Club,AL,AL Central,24.6095,26.7195,28.2097,14.2691,10.7417,5.5639,2.3201,7.1252,-1.5285,-0.3202,-1.8086,-2.7810,106.7892,0.8950,1.0214,0.4948,0.4688,0.0000,72.4000,19,9,4,0,0,0,0
2019,opening_day,HOU,HOU Baseball Club,AL,AL West,27.7525,27.0770,25.0530,15.1209,9.5966,5.0893,2.0116,8.1615,2.0241,-10.8859,3.7940,4.4459,102.8848,1.3087,1.1577,0.4650,0.4679,0.0000,50.0000,23,11,2,0,0,0,0
2019,opening_day,KC,KC Baseball Club,AL,AL Central,34.6818,38.8713,34.0701,16.6668,10.1016,5.3074,2.6090,5.1951,-4.1932,-6.0617,1.2788,1.0501,96.7972,1.9373,1.7777,0.5278,0.5096,0.0000,95.6000,12,4,2,1,0,0,0
2019,opening_day,LAA,LAA Baseball Club,AL,AL West,16.3963,18.6501,20.1098,8.5490,6.3299,1.9384,1.0292,4.7563,-2.9617,-28.4348,-2.4297,-1.9810,93.1334,2.6875,1.2726,0.4602,0.4913,0.0000,50.0000,24,12,3,0,0,0,0
2019,opening_day,LAD,LAD Baseball Club,NL,NL West,23.3068,22.2138,20.6824,13.7445,6.5083,3.8266,1.8799,4.5716,9.0966,-9.4058,-1.9369,-2.8717,94.6661,1.7202,0.6299,0.4629,0.4579,0.0000,50.0000,25,13,4,0,0,0,0
2019,opening_day,MIA,MIA Baseball Club,NL,NL East,35.9832,32.8631,34.9954,17.5171,11.3213,6.3154,2.9083,7.9156,0.8205,-14.8441,4.6313,6.1832,100.2354,3.9193,1.2808,0.5208,0.4980,0.0000,109.4000,9,6,3,1,0,0,0
2019,opening_day,MIL,MIL Baseball Club,NL,NL Central,41.4627,39.8074,36.0760,20.9695,12.5478,7.3041,2.8569,9.2162,-7.8617,-9.6996,2.6578,2.6273,105.6265,3.9459,0.4657,0.5469,0.4887,0.0000,110.0000,4,2,1,1,1,0,0
2019,opening_day,MIN,MIN Baseball Club,AL,AL Central,26.9735,31.0972,30.0018,15.8523,7.0464,5.8762,2.9027,4.6909,-0.2549,5.8652,0.8285,1.7575,106.7596,3.0947,1.2890,0.4792,0.5144,0.0000,60.0000,20,10,5,0,0,0,0
2019,opening_day,NYM,NYM Baseball Club,NL,NL East,41.8767,43.6249,41.5008,23.6562,12.6256,6.7529,2.8893,9.7003,1.2893,-4.6626,-3.5507,-2.7042,102.7772,2.0526,0.2819,0.5522,0.5365,0.0000,110.0000,5,3,1,1,1,0,0
2019,opening_day,NYY,NYY Baseball Club,AL,AL East,47.2990,46.9332,44.7649,20.9612,15.8299,6.2418,3.0024,10.6437,0.2014,-1.1112,0.5930,2.2032,96.6930,2.9804,0.9067,0.5389,0.5403,0.0000,110.0000,6,3,2,1,0,0,0
2019,opening_day,OAK,OAK Baseball Club,AL,AL West,39.9782,36.7194,34.1789,18.6110,11.7289,6.1576,2.5651,9.8344,-7.8122,18.0712,2.5303,2.9736,93.1115,4.1896,0.9542,0.4883,0.5170,0.0000,75.4000,16,7,1,0,1,0,0
2019,opening_day,PHI,PHI Baseball Club,NL,NL East,23.1114,22.1430,25.1640,11.8081,6.4995,5.2259,2.1603,4.3408,7.7773,5.3160,1.9380,1.1807,94.7431,3.2235,0.0000,0.4438,0.4871,0.0000,50.0000,26,14,5,0,0,0,0
2019,opening_day,PIT,PIT Baseball Club,NL,NL Central,38.0370,33.0111,34.7088,18.6606,10.7858,5.0472,3.0425,7.5618,0.5940,7.8934,4.5379,3.9804,100.3530,2.8745,0.9588,0.5353,0.5184,0.0000,109.6000,8,5,2,1,0,0,0
2019,opening_day,SD,SD Baseball Club,NL,NL West,34.0767,30.5551,37.8576,17.6165,10.9993,5.0292,1.9967,6.8635,5.7516,-10.8597,-1.6280,0.3557,105.6957,5.1893,0.6464,0.5319,0.5717,0.0000,102.9000,10,7,2,0,0,0,0
2019,opening_day,SEA,SEA Baseball Club,AL,AL West,25.8292,24.7794,28.7563,13.0545,10.6099,5.8043,1.8459,7.5261,8.3990,-0.5888,0.6247,1.5505,106.7281,2.1645,1.2126,0.4499,0.4979,0.0000,50.0000,27,13,4,0,0,0,0
2019,opening_day,SF,SF Baseball Club,NL,NL West,16.2420,17.2008,14.6408,8.5272,4.5011,2.4371,1.0455,1.8936,-1.9103,-3.8887,-1.1427,-0.8013,102.6688,4.3673,0.1935,0.4513,0.4672,0.0000,50.0000,28,15,5,0,0,0,0
2019,opening_day,STL,STL Baseball Club,NL,NL Central,31.2570,26.4087,33.3479,15.9923,13.3045,5.2328,2.2042,9.7593,1.0606,-31.9896,-0.0670,-0.5480,96.5898,2.8045,1.2308,0.5057,0.4924,0.0000,90.7000,14,9,4,0,0,0,0
2019,opening_day,TB,TB Baseball Club,AL,AL East,30.7305,33.6820,28.6859,17.5131,9.8717,4.9429,2.0006,6.4220,5.6882,6.3800,0.4758,-0.2725,93.0916,0.7977,1.8172,0.4959,0.5090,0.0000,78.3000,15,6,3,1,0,0,0
2019,opening_day,TEX,TEX Baseball Club,AL,AL West,21.2810,24.2632,24.1385,12.9348,4.9474,2.4058,0.8790,4.8470,7.5483,18.4655,-0.7616,-2.3090,94.8215,1.3370,0.8439,0.4278,0.5017,0.0000,50.0000,29,14,5,0,0,0,0
2019,opening_day,TOR,TOR Baseball Club,AL,AL East,27.3540,29.7263,23.5286,15.8817,7.7119,5.0203,2.0876,6.2221,-1.7544,16.1114,-4.0711,-4.2414,100.4705,3.6105,1.4142,0.4665,0.4869,0.0000,50.0000,30,15,5,0,0,0,0
2019,opening_day,WSH,WSH Baseball Club,NL,NL East,46.2281,45.6506,46.0477,20.5571,12.1544,7.4602,3.7459,8.3482,2.2026,-5.7239,-0.3642,-0.4367,105.7633,0.6833,1.7124,0.5391,0.5249,0.0000,110.0000,7,4,2,1,0,0,0
2020,opening_day,ARI,ARI Baseball Club,NL,NL West,39.3118,40.9875,41.0964,21.7913,13.3549,7.9984,3.3178,10.1432,3.9361,2.7878,2.5178,2.8850,100.0000,3.8709,1.2752,0.5201,0.4667,0.0000,107.7000,7,5,1,1,1,0,0
2020,opening_day,ATL,ATL Baseball Club,NL,NL East,30.4655,31.2538,28.0726,20.1398,12.3736,5.1279,1.9093,8.1067,-3.8232,1.1750,3.7220,2.7035,105.4833,2.0193,1.2518,0.5037,0.5201,0.0000,78.3000,18,11,4,0,0,0,0
2020,opening_day,BAL,BAL Baseball Club,AL,AL East,25.6128,21.2844,28.8983,13.6009,8.8713,4.0457,1.3386,7.4975,4.2134,-4.4791,4.5018,4.8964,106.8169,0.0000,1.2950,0.4867,0.4730,0.0000,57.4000,22,10,4,0,0,0,0
2020,opening_day,BOS,BOS Baseball Club,AL,AL East,32.3270,30.7408,31.9036,17.3093,9.2277,7.5607,3.2578,7.0290,1.4916,-8.9753,-0.4820,0.2727,102.9917,0.6751,0.0000,0.4773,0.5044,0.0000,54.4000,23,11,5,0,0,0,0
2020,opening_day,CHC,CHC Baseball Club,NL,NL Central,39.6687,39.0396,37.4527,19.3301,11.5474,7.2151,3.1906,8.5670,-1.9991,15.7080,-4.6097,-5.1846,96.9024,3.5597,0.4637,0.5684,0.5070,0.0000,110.0000,1,1,1,1,1,1,1
2020,opening_day,CHW,CHW Baseball Club,AL,AL Central,28.1226,30.6419,29.9376,15.4389,9.6346,3.6816,2.1483,5.8988,-2.9394,27.4679,2.1063,0.5636,93.1573,3.7345,0.5223,0.5515,0.4894,0.0000,110.0000,2,1,1,1,1,1,0
2020,opening_day,CIN,CIN Baseball Club,NL,NL Central,26.8985,29.3296,32.7223,14.5198,10.8573,2.7847,1.7066,7.4197,-2.4596,13.1289,1.6682,0.1415,94.5906,2.1582,0.1370,0.4984,0.4778,0.0000,74.8000,20,12,5,0,0,0,0
2020,opening_day,CLE,CLE Baseball Club,AL,AL Central,35.7950,41.0695,37.9288,18.0173,13.9745,6.2336,1.7665,11.3980,6.5439,1.3302,2.0997,0.4293,100.1177,0.9979,0.8449,0.5160,0.5201,0.0000,102.1000,10,3,2,1,0,0,0
2020,opening_day,COL,COL Baseball Club,NL,NL West,36.0057,38.5643,34.8222,17.0583,10.5458,6.4633,3.2280,8.6925,-4.9743,-10.3930,-1.8049,0.3965,105.5557,0.0000,0.5216,0.5157,0.5738,0.0000,102.6000,9,7,2,0,0,0,0
2020,opening_day,DET,DET Baseball Club,AL,AL Central,14.8592,19.3116,20.3869,9.4061,7.0659,4.2199,1.8337,6.0106,3.0166,2.9968,-1.7181,-3.2739,106.7892,2.5770,0.7678,0.4643,0.5196,0.0000,50.0000,26,13,5,0,0,0,0
2020,opening_day,HOU,HOU Baseball Club,AL,AL West,27.8412,29.9258,28.8711,12.4306,8.6866,5.9710,3.0968,5.6615,-1.5335,18.7335,0.8893,0.3903,102.8848,4.7554,0.9387,0.5040,0.5128,0.0000,77.2000,19,8,1,0,1,0,0
2020,opening_day,KC,KC Baseball Club,AL,AL Central,32.3916,32.4534,36.8368,16.8926,11.0485,4.9588,2.0934,7.3246,-2.9308,2.8506,1.1733,1.2674,96.7972,5.6192,0.9926,0.5166,0.4960,0.0000,92.6000,12,4,3,1,0,0,0
2020,opening_day,LAA,LAA Baseball Club,AL,AL West,26.1567,25.3409,28.9190,15.7134,10.1410,4.2009,2.2593,6.8712,-4.9377,2.6128,1.1754,1.3154,93.1334,2.9478,0.7613,0.4637,0.4682,0.0000,50.0000,27,14,4,0,0,0,0
2020,opening_day,LAD,LAD Baseball Club,NL,NL West,16.5504,21.3326,19.2732,6.9157,7.8880,2.6354,0.9230,6.0130,3.2133,21.1418,-0.9137,-2.2057,94.6661,2.6947,1.5858,0.4354,0.4251,0.0000,50.0000,28,14,4,0,0,0,0
2020,opening_day,MIA,MIA Baseball Club,NL,NL East,38.4979,39.3076,41.2247,21.5777,11.4029,6.6564,2.3658,7.8493,8.0364,-1.7292,2.1944,2.9908,100.2354,4.5507,0.2942,0.5306,0.4982,0.0000,110.0000,3,2,1,1,1,0,0
2020,opening_day,MIL,MIL Baseball Club,NL,NL Central,40.7716,38.5132,37.0325,18.8508,11.7271,6.8999,3.0192,9.7049,5.8865,-15.3808,-0.2932,-0.5749,105.6265,0.3153,1.2014,0.5141,0.5317,0.0000,95.9000,11,8,4,0,0,0,0
2020,opening_day,MIN,MIN Baseball Club,AL,AL Central,31.5181,30.8119,29.3555,16.8173,9.5276,5.6963,2.8626,6.3798,-5.7384,-23.5092,-0.6906,-2.7371,106.7596,0.0000,1.0420,0.4992,0.4808,0.0000,80.3000,16,6,4,1,0,0,0
2020,opening_day,NYM,NYM Baseball Club,NL,NL East,33.1417,32.6033,34.5344,15.6678,10.5166,4.6186,2.3237,7.7684,-0.5065,-0.9212,-0.6369,-1.9834,102.7772,1.8246,1.1718,0.5090,0.5525,0.0000,86.8000,13,9,3,0,0,0,0
2020,opening_day,NYY,NYY Baseball Club,AL,AL East,42.1716,48.1622,46.9521,25.2596,14.0481,7.9134,3.6393,10.4902,2.2103,32.5466,-0.2326,-1.0768,96.6930,1.6151,0.3444,0.5523,0.5415,0.0000,110.0000,4,2,1,1,1,0,0
2020,opening_day,OAK,OAK Baseball Club,AL,AL West,29.2013,27.8632,31.5526,16.8195,9.1798,4.0358,1.8011,6.0399,-2.7145,7.1000,-2.3889,-1.8743,93.1115,0.4364,1.4642,0.4941,0.4835,0.0000,66.9000,21,9,2,0,0,0,0
2020,opening_day,PHI,PHI Baseball Club,NL,NL East,27.7377,29.3449,22.5046,15.1567,8.6060,4.8319,2.0399,6.3431,1.9538,20.7621,-1.5817,-3.2570,94.7431,0.7211,1.6868,0.4735,0.4638,0.0000,51.4000,24,13,5,0,0,0,0
2020,opening_day,PIT,PIT Baseball Club,NL,NL Central,33.6736,28.1405,26.1880,18.9744,9.6667,4.9671,1.9977,6.5466,-8.1750,19.4720,-2.2371,-3.7515,100.3530,3.4676,1.0528,0.5316,0.4720,0.0000,107.1000,8,6,3,1,0,0,0
2020,opening_day,SD,SD Baseball Club,NL,NL West,33.9118,33.2872,30.1023,13.3873,9.7364,7.0334,3.5065,5.8881,4.1156,4.4686,-0.4034,-1.2047,105.6957,6.1927,0.6392,0.5056,0.5265,0.0000,84.0000,15,10,3,0,0,0,0
2020,opening_day,SEA,SEA Baseball Club,AL,AL West,16.4189,13.0288,17.1979,7.5500,4.1419,1.6670,0.0517,1.7572,-7.4023,-1.8601,1.4094,2.0824,106.7281,4.2230,0.2959,0.4779,0.4194,0.0000,50.4000,25,12,3,0,0,0,0
2020,opening_day,SF,SF Baseball Club,NL,NL West,21.4441,22.7255,18.3824,11.3665,7.9079,2.8735,1.1909,5.1402,-6.3128,-4.5248,0.0253,-0.1238,102.6688,2.2619,0.8151,0.4498,0.4493,0.0000,50.0000,29,15,5,0,0,0,0
2020,opening_day,STL,STL Baseball Club,NL,NL Central,39.6831,35.1279,40.8517,17.8511,8.4678,6.7464,2.9739,4.3902,6.4658,-3.4021,-2.4218,-2.8120,96.5898,3.0342,0.7516,0.5503,0.5134,0.0000,110.0000,5,3,2,1,0,0,0
2020,opening_day,TB,TB Baseball Club,AL,AL East,39.1314,30.9037,37.0237,18.1050,13.8937,6.8027,3.1532,9.7683,-4.7616,-4.3621,0.2089,1.5893,93.0916,3.5037,0.2718,0.5071,0.5016,0.0000,84.3000,14,5,2,1,0,0,0
2020,opening_day,TEX,TEX Baseball Club,AL,AL West,19.0916,15.7566,22.9910,11.1484,6.3221,4.8639,1.7700,5.6458,3.1361,-0.5810,-4.7373,-3.0887,94.8215,1.7532,0.8890,0.4540,0.4445,0.0000,50.0000,30,15,5,0,0,0,0
2020,opening_day,TOR,TOR Baseball Club,AL,AL East,33.7166,32.5382,34.1776,15.7474,13.0931,4.9926,1.7669,9.2104,-1.7090,11.6588,2.4625,1.9103,100.4705,3.2769,1.4751,0.5131,0.5032,0.0000,78.9000,17,7,3,0,0,0,0
2020,opening_day,WSH,WSH Baseball Club,NL,NL East,39.7783,45.4329,44.6818,21.5167,11.3444,8.3293,3.7545,8.7835,4.4235,8.8839,-1.4568,-1.0592,105.7633,0.5864,0.7080,0.5558,0.5800,0.0000,110.0000,6,4,2,1,0,0,0
2021,opening_day,ARI,ARI Baseball Club,NL,NL West,37.7460,34.5466,33.6186,20.0494,11.3263,4.6785,2.1270,10.2663,-0.3067,19.2648,1.4384,0.3384,100.0000,4.1301,0.5157,0.5031,0.5096,0.0000,84.4000,13,9,3,0,0,0,0
2021,opening_day,ATL,ATL Baseball Club,NL,NL East,23.7905,25.5321,24.7653,13.9623,10.1625,4.6881,2.1585,7.5343,-2.6263,9.9684,0.6012,1.5255,105.4833,4.6781,1.3349,0.5033,0.5403,0.0000,71.1000,17,11,4,0,0,0,0
2021,opening_day,BAL,BAL Baseball Club,AL,AL East,22.5475,16.5228,13.8426,5.7060,5.2417,3.1835,1.6800,3.4943,4.9358,13.9541,-0.4837,0.5081,106.8169,4.1896,1.4536,0.4491,0.4227,0.0000,50.0000,25,11,4,0,0,0,0
2021,opening_day,BOS,BOS Baseball Club,AL,AL East,26.2424,29.3547,29.8776,15.0171,8.7572,5.9147,2.6171,5.9932,5.2287,-6.7482,-1.9352,-1.5663,102.9917,1.5077,0.6868,0.4687,0.4675,0.0000,50.0000,26,12,5,0,0,0,0
2021,opening_day,CHC,CHC Baseball Club,NL,NL Central,36.9569,34.8357,39.5693,14.9436,10.1391,6.8598,2.7366,7.5817,-9.0834,-10.1723,-0.4054,-1.4239,96.9024,0.6917,0.8480,0.4983,0.5481,0.0000,84.0000,14,10,4,0,0,0,0
2021,opening_day,CHW,CHW Baseball Club,AL,AL Central,23.5692,26.3383,28.3684,13.5310,7.1954,2.4517,0.8892,5.2728,1.6629,-9.0254,0.5115,1.1892,93.1573,2.0833,1.7041,0.4962,0.4476,0.0000,65.1000,19,7,3,0,0,0,0
2021,opening_day,CIN,CIN Baseball Club,NL,NL Central,30.6460,29.7953,31.7375,14.3817,10.7404,7.0898,2.1671,7.5334,-3.5085,-3.2693,1.8160,0.8411,94.5906,3.8371,1.5459,0.5274,0.4479,0.0000,104.2000,9,6,2,1,0,0,0
2021,opening_day,CLE,CLE Baseball Club,AL,AL Central,44.2523,44.0743,44.4778,22.4782,13.6672,7.0540,2.8812,11.0138,-1.8712,-15.4841,4.2335,4.4306,100.1177,3.4491,1.0590,0.5380,0.5187,0.0000,110.0000,1,1,1,1,1,1,1
2021,opening_day,COL,COL Baseball Club,NL,NL West,33.1771,30.8897,35.9596,17.6987,9.7991,6.1549,2.4143,7.3829,2.0513,2.7825,-0.4980,-1.9832,105.5557,1.1383,1.6143,0.5063,0.5221,0.0000,92.2000,10,7,2,0,0,0,0
2021,opening_day,DET,DET Baseball Club,AL,AL Central,31.0363,21.4246,21.8844,12.8337,6.3218,3.9077,1.6293,3.5794,0.2631,14.7439,0.3695,0.0458,106.7892,3.3253,1.8150,0.4511,0.4855,0.0000,50.0000,27,13,4,0,0,0,0
2021,opening_day,HOU,HOU Baseball Club,AL,AL West,28.5034,27.1269,29.8892,14.7547,8.0638,3.1619,1.5171,7.3327,1.0584,12.9585,-0.7432,-1.2778,102.8848,1.2963,1.3869,0.4479,0.4746,0.0000,50.0000,28,14,5,0,0,0,0
2021,opening_day,KC,KC Baseball Club,AL,AL Central,36.0390,34.7866,32.1423,17.7202,11.7243,5.3896,2.4921,8.7667,6.2965,5.4697,-1.6237,-2.6441,96.7972,4.3593,0.7731,0.4989,0.5023,0.0000,79.7000,16,6,2,1,0,0,0
2021,opening_day,LAA,LAA Baseball Club,AL,AL West,29.2093,23.4117,25.0330,13.6470,7.5924,5.3372,2.3147,5.4191,-8.8340,1.3611,0.1991,-1.8105,93.1334,0.3454,1.9094,0.4790,0.5162,0.0000,51.5000,23,9,3,0,0,0,0
2021,opening_day,LAD,LAD Baseball Club,NL,NL West,26.4710,29.4094,26.6938,15.6236,6.2372,4.7071,1.7172,2.9887,4.1501,7.5296,3.4484,4.3106,94.6661,0.0000,1.4844,0.4810,0.4752,0.0000,58.2000,20,13,4,0,0,0,0
2021,opening_day,MIA,MIA Baseball Club,NL,NL East,40.1178,42.0721,43.5477,20.9322,12.7131,6.4791,2.8706,9.6456,-1.4248,17.3099,-0.8942,-0.3978,100.2354,0.9530,0.4782,0.5621,0.5312,0.0000,110.0000,2,1,1,1,1,1,0
2021,opening_day,MIL,MIL Baseball Club,NL,NL Central,46.2121,43.0386,43.7160,22.9359,13.0368,7.7051,2.9687,8.8988,4.6065,-13.1910,-1.2772,-0.3508,105.6265,5.2294,2.0570,0.5712,0.5153,0.0000,110.0000,3,2,1,1,1,0,0
2021,opening_day,MIN,MIN Baseball Club,AL,AL Central,24.8174,26.4543,29.1600,14.6481,6.4088,6.1055,2.0378,5.5597,-5.1982,-10.1726,-1.5085,-2.3980,106.7596,2.9973,1.2972,0.4756,0.4546,0.0000,50.0000,29,15,5,0,0,0,0
2021,opening_day,NYM,NYM Baseball Club,NL,NL East,38.1439,37.0471,35.4779,17.6546,11.7079,6.8619,2.9381,8.3247,5.1720,9.8799,2.8804,2.7654,102.7772,1.8389,0.3504,0.5577,0.5262,0.0000,110.0000,4,3,2,1,0,0,0
2021,opening_day,NYY,NYY Baseball Club,AL,AL East,39.5311,38.9901,37.7353,18.5834,11.4217,6.5169,1.8930,5.9569,2.3476,-1.1801,2.9394,2.8888,96.6930,1.7844,1.9525,0.5357,0.5141,0.0000,110.0000,5,2,1,1,1,0,0
2021,opening_day,OAK,OAK Baseball Club,AL,AL West,34.7517,36.1925,35.1258,16.9875,13.3121,6.8100,2.8597,9.3328,3.2316,17.6550,-5.0246,-5.3589,93.1115,3.9469,0.2524,0.5308,0.4778,0.0000,107.0000,8,3,1,1,1,0,0
2021,opening_day,PHI,PHI Baseball Club,NL,NL East,23.4100,20.0523,21.0946,9.5798,7.0774,4.6324,1.9297,3.3898,-1.3733,14.6362,1.1711,-0.0549,94.7431,4.9130,0.8367,0.4782,0.4442,0.0000,53.7000,21,14,5,0,0,0,0
2021,opening_day,PIT,PIT Baseball Club,NL,NL Central,22.4646,25.9292,30.6533,14.2346,6.2640,4.4699,2.1477,5.4003,11.3643,-2.7267,-1.1624,-1.2932,100.3530,1.8234,1.2890,0.4823,0.4823,0.0000,66.8000,18,12,5,0,0,0,0
2021,opening_day,SD,SD Baseball Club,NL,NL West,35.5108,30.1146,36.0003,17.8454,9.6076,4.9290,2.0073,6.8851,5.0604,8.8745,-0.7216,0.7371,105.6957,4.6147,0.8481,0.5430,0.5053,0.0000,110.0000,6,4,1,1,1,0,0
2021,opening_day,SEA,SEA Baseball Club,AL,AL West,29.9232,23.5230,25.3374,15.9229,5.2337,3.1532,1.0198,4.1042,-3.1677,15.4742,-0.5378,0.9252,106.7281,3.7838,1.3072,0.4692,0.5217,0.0000,50.1000,24,10,4,0,0,0,0
2021,opening_day,SF,SF Baseball Club,NL,NL West,17.5169,17.0877,17.6977,10.0988,4.4003,2.5804,1.2128,2.7888,-3.2692,-1.5287,-4.7702,-6.3786,102.6688,3.1516,0.9651,0.4507,0.4939,0.0000,50.0000,30,15,5,0,0,0,0
2021,opening_day,STL,STL Baseball Club,NL,NL Central,31.5986,31.2922,35.1722,17.8397,5.6461,5.5970,2.2645,5.3711,-6.4485,10.1965,1.1200,0.1539,96.5898,2.3455,0.4019,0.5179,0.4785,0.0000,92.1000,11,8,3,0,0,0,0
2021,opening_day,TB,TB Baseball Club,AL,AL East,33.0752,31.1479,31.4551,16.9320,8.0255,6.3366,2.6739,5.3069,10.1081,15.5900,-0.1578,0.3875,93.0916,2.9499,0.7964,0.5025,0.4833,0.0000,80.9000,15,5,3,1,0,0,0
2021,opening_day,TEX,TEX Baseball Club,AL,AL West,23.7828,27.8773,24.7531,13.4127,9.9568,5.2617,1.7796,6.9988,-1.9513,3.4038,-0.3562,1.1035,94.8215,4.3717,0.1809,0.4836,0.5160,0.0000,53.6000,22,8,2,0,0,0,0
2021,opening_day,TOR,TOR Baseball Club,AL,AL East,33.6868,32.6762,34.3198,19.0720,10.9358,6.6761,2.7548,7.5171,-5.7927,11.3082,-2.2320,-2.2575,100.4705,0.0000,1.0022,0.5106,0.5286,0.0000,84.8000,12,4,2,1,0,0,0
2021,opening_day,WSH,WSH Baseball Club,NL,NL East,40.3629,34.0623,41.9825,22.0509,12.1739,7.5751,2.6874,9.6831,4.3307,6.5620,-0.1888,1.4348,105.7633,4.2343,1.2373,0.5215,0.5446,0.0000,109.8000,7,5,3,1,0,0,0
2022,opening_day,ARI,ARI Baseball Club,NL,NL West,38.9912,35.7626,34.2113,16.5267,11.2646,6.7210,2.5384,8.0725,4.3235,-4.2954,-0.1628,0.6715,100.0000,1.1749,1.3382,0.5023,0.5309,0.0000,90.6000,11,4,2,1,0,0,0
2022,opening_day,ATL,ATL Baseball Club,NL,NL East,27.4276,25.0293,26.2541,12.7584,10.3882,4.8935,2.4202,8.3160,3.5206,10.0248,-2.3067,-2.7606,105.4833,0.6277,1.0602,0.4807,0.5433,0.0000,61.9000,22,12,4,0,0,0,0
2022,opening_day,BAL,BAL Baseball Club,AL,AL East,18.6611,21.3260,16.1487,7.6918,6.1280,4.3725,1.8447,4.2756,0.2125,18.4275,1.4669,0.3869,106.8169,2.4645,1.4064,0.4513,0.4766,0.0000,50.0000,25,13,5,0,0,0,0
2022,opening_day,BOS,BOS Baseball Club,AL,AL East,27.6060,30.4473,31.3846,13.9826,8.3162,6.6578,3.2192,5.4003,-0.1349,-23.9231,-1.0729,-1.6474,102.9917,0.3441,1.3005,0.5099,0.4875,0.0000,93.0000,10,7,2,0,0,0,0
2022,opening_day,CHC,CHC Baseball Club,NL,NL Central,33.6572,34.5049,37.3137,18.6926,7.7625,7.0070,3.1168,6.8931,-11.5780,10.7235,0.6042,1.7775,96.9024,2.8150,0.6291,0.5053,0.5426,0.0000,87.8000,14,7,4,0,0,0,0
2022,opening_day,CHW,CHW Baseball Club,AL,AL Central,24.2127,21.6775,23.3556,12.0467,5.9349,2.0580,1.0092,4.0761,-7.9769,24.5939,-3.7976,-4.3795,93.1573,3.0015,0.6504,0.4531,0.5161,0.0000,50.0000,26,14,5,0,0,0,0
2022,opening_day,CIN,CIN Baseball Club,NL,NL Central,24.8711,22.1735,25.4162,11.0798,8.7185,4.2864,2.2848,7.1969,-9.2353,-5.8605,-3.5441,-3.1839,94.5906,3.4000,1.8859,0.4998,0.5462,0.0000,88.9000,13,6,3,1,0,0,0
2022,opening_day,CLE,CLE Baseball Club,AL,AL Central,39.9630,38.3274,35.5006,20.4252,11.7842,7.5111,3.0188,8.4966,0.8195,1.5227,0.5180,1.0860,100.1177,2.9870,0.6290,0.5336,0.4503,0.0000,110.0000,1,1,1,1,1,1,1
2022,opening_day,COL,COL Baseball Club,NL,NL West,27.6379,32.2229,27.9647,16.9823,11.6679,4.8549,1.9624,8.6923,-18.3710,0.8395,0.4709,1.0177,105.5557,2.7565,0.7189,0.4881,0.5127,0.0000,78.9000,16,8,3,0,0,0,0
2022,opening_day,DET,DET Baseball Club,AL,AL Central,28.2977,21.1507,32.1547,15.3280,9.2425,4.1202,1.4831,5.8569,0.2970,-2.9010,2.3765,3.0010,106.7892,0.7983,1.3731,0.5110,0.4934,0.0000,94.2000,8,5,3,1,0,0,0
2022,opening_day,HOU,HOU Baseball Club,AL,AL West,30.0745,30.6415,25.8421,16.8922,8.3413,4.9594,2.2162,6.6479,-1.6393,-2.8944,-0.7187,0.6418,102.8848,1.8813,0.4352,0.5295,0.5348,0.0000,99.2000,6,4,1,1,1,0,0
2022,opening_day,KC,KC Baseball Club,AL,AL Central,41.0469,40.0892,39.4571,22.0721,9.6740,7.4257,3.0739,7.2044,-0.3986,1.6937,-2.3337,-1.6465,96.7972,2.8969,1.0719,0.5607,0.5364,0.0000,110.0000,2,2,2,1,0,0,0
2022,opening_day,LAA,LAA Baseball Club,AL,AL West,21.6746,27.9616,28.0509,13.4330,6.3077,4.5007,1.7261,4.7678,5.3594,-10.2846,-2.6844,-1.9823,93.1334,3.5544,1.2091,0.4694,0.5188,0.0000,50.0000,27,15,5,0,0,0,0
2022,opening_day,LAD,LAD Baseball Club,NL,NL West,23.8998,20.4336,22.0700,12.3745,6.6967,3.9637,2.2461,5.1532,13.5113,0.2651,-0.4673,0.2382,94.6661,1.6104,1.1697,0.4675,0.4407,0.0000,50.0000,28,13,5,0,0,0,0
2022,opening_day,MIA,MIA Baseball Club,NL,NL East,30.1924,30.7927,31.2041,20.2621,8.5587,5.5974,1.6882,6.0976,0.5941,-11.3854,4.3502,4.0767,100.2354,1.6677,0.1877,0.4868,0.5549,0.0000,70.5000,20,10,2,0,0,0,0
2022,opening_day,MIL,MIL Baseball Club,NL,NL Central,39.8514,35.9140,36.9844,20.3553,14.6693,6.3260,2.4586,11.5622,5.4500,-11.8741,-1.6210,-0.6923,105.6265,4.8094,0.6776,0.5249,0.5269,0.0000,104.8000,5,2,1,1,1,0,0
2022,opening_day,MIN,MIN Baseball Club,AL,AL Central,33.1690,34.8810,29.5662,17.1524,10.9595,6.5570,2.4021,9.4804,-2.3221,18.9840,0.5794,1.0993,106.7596,3.6880,0.6326,0.5107,0.5128,0.0000,93.7000,9,6,4,1,0,0,0
2022,opening_day,NYM,NYM Baseball Club,NL,NL East,30.8443,33.7799,35.8804,16.7147,10.6490,5.9808,2.8299,7.9290,-2.8428,-3.0367,0.1027,-0.8077,102.7772,1.8245,0.0000,0.4837,0.5277,0.0000,67.0000,21,11,3,0,0,0,0
2022,opening_day,NYY,NYY Baseball Club,AL,AL East,43.4212,49.4483,46.1648,24.8214,11.7912,8.9378,3.9537,8.6705,-0.2507,-1.1062,5.8359,6.2975,96.6930,4.1435,1.3379,0.5375,0.5937,0.0000,110.0000,3,3,1,1,1,0,0
2022,opening_day,OAK,OAK Baseball Club,AL,AL West,30.7077,31.6816,31.3354,17.9966,11.5345,3.3271,1.6765,8.2776,-13.7006,7.2475,0.7376,0.4366,93.1115,5.5351,1.3527,0.5064,0.5404,0.0000,75.4000,18,10,2,0,0,0,0
2022,opening_day,PHI,PHI Baseball Club,NL,NL East,23.8466,24.5060,22.5052,11.5345,7.9511,4.3181,2.3614,4.4797,-8.0909,-2.8267,1.2096,1.8790,94.7431,4.9193,0.5133,0.4519,0.4555,0.0000,50.0000,29,14,5,0,0,0,0
2022,opening_day,PIT,PIT Baseball Club,NL,NL Central,24.8885,23.2863,27.3273,12.5612,4.5586,4.4346,2.0676,3.6939,-3.2899,-2.8567,-1.4408,-0.3951,100.3530,1.4987,0.8112,0.4748,0.4769,0.0000,50.0000,30,15,5,0,0,0,0
2022,opening_day,SD,SD Baseball Club,NL,NL West,33.4896,33.8051,34.0175,14.9543,7.1116,4.7581,1.8741,5.5835,2.2114,11.1389,3.8498,5.1203,105.6957,1.3179,0.7990,0.5098,0.5112,0.0000,97.9000,7,3,1,1,1,0,0
2022,opening_day,SEA,SEA Baseball Club,AL,AL West,22.5303,18.8295,19.1290,10.5620,10.0286,4.2655,1.9016,6.6415,-7.3693,-8.2148,-3.7411,-3.8359,106.7281,4.4397,1.0212,0.4918,0.4558,0.0000,59.3000,23,11,3,0,0,0,0
2022,opening_day,SF,SF Baseball Club,NL,NL West,19.6553,20.1986,21.0292,11.6467,9.8829,4.3511,1.9782,7.7906,-7.7272,-1.8157,2.8366,4.6968,102.6688,0.0000,0.8543,0.5003,0.4376,0.0000,72.7000,19,9,4,0,0,0,0
2022,opening_day,STL,STL Baseball Club,NL,NL Central,35.7761,34.0623,36.9967,15.6363,12.0809,5.2263,2.2001,9.7067,7.1816,-5.5631,-0.5945,-1.4543,96.5898,4.2879,1.2397,0.5186,0.5038,0.0000,90.1000,12,5,2,1,0,0,0
2022,opening_day,TB,TB Baseball Club,AL,AL East,29.4684,30.4582,32.7196,17.2191,8.7154,5.9525,2.4331,6.5409,-7.4485,-8.7661,0.5178,1.5012,93.0916,0.6385,0.8084,0.4931,0.5365,0.0000,75.5000,17,9,4,0,0,0,0
2022,opening_day,TEX,TEX Baseball Club,AL,AL West,24.6446,26.3856,24.4750,12.8228,7.3287,3.0824,1.2865,4.5601,-0.2858,-9.6109,3.1615,3.5762,94.8215,2.3249,1.1887,0.4744,0.4826,0.0000,59.3000,24,12,4,0,0,0,0
2022,opening_day,TOR,TOR Baseball Club,AL,AL East,24.6313,32.4274,29.7864,19.4697,9.7667,4.3636,1.5477,8.0524,-4.3437,13.8678,-2.1639,-3.0786,100.4705,3.2228,1.3046,0.4966,0.4966,0.0000,86.3000,15,8,3,0,0,0,0
2022,opening_day,WSH,WSH Baseball Club,NL,NL East,47.0879,44.3293,48.8747,26.0011,14.1722,8.1603,3.3778,8.5861,7.7597,-14.4126,0.2206,1.3409,105.7633,2.1707,0.9847,0.5870,0.5243,0.0000,110.0000,4,1,1,1,1,1,0
